179,20190812,5,ND2,5_ND2_C1621.L5219.PW908151053.seq,bird_strike/20190812武汉机场1个加急样品/测序结果/良好/5_ND2_C1621.L5219.PW908151053.seq
180,20190812,5,Vercytb,5_Vercytb_C1621.Vercytb-F.PW908161290.seq,bird_strike/20190812武汉机场1个加急样品/测序结果/双峰/5_Vercytb_C1621.Vercytb-F.PW908161290.seq
248,20200825,KN,COI-1,KN5952_COI-1_C2790.COI-1-bird-F.PW009030689.seq,bird_strike/20200825&0828&0831常州机场3个&大兴机场36个&萧山机场3个加急样品结果/测序结果/COI-1/KN5952_COI-1_C2790.COI-1-bird-F.PW009030689.seq
249,20200825,KN,COI-1,KN5616-8-21_COI-1_C2790.COI-1-bird-F.PW009030690.seq,bird_strike/20200825&0828&0831常州机场3个&大兴机场36个&萧山机场3个加急样品结果/测序结果/COI-1/KN5616-8-21_COI-1_C2790.COI-1-bird-F.PW009030690.seq
250,20200825,MU,COI-1,MU7788_COI-1_C2790.COI-1-bird-F.PW009030682.seq,bird_strike/20200825&0828&0831常州机场3个&大兴机场36个&萧山机场3个加急样品结果/测序结果/COI-1/MU7788_COI-1_C2790.COI-1-bird-F.PW009030682.seq
251,20200825,NS,COI-1,NS8032-8-27_COI-1_C2790.COI-1-bird-F.PW009030681.seq,bird_strike/20200825&0828&0831常州机场3个&大兴机场36个&萧山机场3个加急样品结果/测序结果/COI-1/NS8032-8-27_COI-1_C2790.COI-1-bird-F.PW009030681.seq
252,20200825,MU,COI-1,MU5293_COI-1_C2790.COI-1-bird-F.PW009030661.seq,bird_strike/20200825&0828&0831常州机场3个&大兴机场36个&萧山机场3个加急样品结果/测序结果/COI-1/MU5293_COI-1_C2790.COI-1-bird-F.PW009030661.seq
253,20200825,KN,COI-1,KN5956_COI-1_C2790.COI-1-bird-F.PW009030679.seq,bird_strike/20200825&0828&0831常州机场3个&大兴机场36个&萧山机场3个加急样品结果/测序结果/COI-1/KN5956_COI-1_C2790.COI-1-bird-F.PW009030679.seq
254,20200825,CZ,COI-1,CZ6160_COI-1_C2790.COI-1-bird-F.PW009030652.seq,bird_strike/20200825&0828&0831常州机场3个&大兴机场36个&萧山机场3个加急样品结果/测序结果/COI-1/CZ6160_COI-1_C2790.COI-1-bird-F.PW009030652.seq
255,20200825,KN,COI-1,KN5616-8-26_COI-1_C2790.COI-1-bird-F.PW009030683.seq,bird_strike/20200825&0828&0831常州机场3个&大兴机场36个&萧山机场3个加急样品结果/测序结果/COI-1/KN5616-8-26_COI-1_C2790.COI-1-bird-F.PW009030683.seq
256,20200825,KN,COI-1,KN2912_COI-1_C2790.COI-1-bird-F.PW009030673.seq,bird_strike/20200825&0828&0831常州机场3个&大兴机场36个&萧山机场3个加急样品结果/测序结果/COI-1/KN2912_COI-1_C2790.COI-1-bird-F.PW009030673.seq
257,20200825,NS,COI-1,NS8032-8-24_COI-1_C2790.COI-1-bird-F.PW009030685.seq,bird_strike/20200825&0828&0831常州机场3个&大兴机场36个&萧山机场3个加急样品结果/测序结果/COI-1/NS8032-8-24_COI-1_C2790.COI-1-bird-F.PW009030685.seq
258,20200825,KN,COI-1,KN1281_COI-1_C2790.COI-1-bird-F.PW009030651.seq,bird_strike/20200825&0828&0831常州机场3个&大兴机场36个&萧山机场3个加急样品结果/测序结果/COI-1/KN1281_COI-1_C2790.COI-1-bird-F.PW009030651.seq
259,20200825,KN,COI-1,KN5228_COI-1_C2790.COI-1-bird-F.PW009030659.seq,bird_strike/20200825&0828&0831常州机场3个&大兴机场36个&萧山机场3个加急样品结果/测序结果/COI-1/KN5228_COI-1_C2790.COI-1-bird-F.PW009030659.seq
260,20200825,NS,COI-1,NS8012_COI-1_C2790.COI-1-bird-F.PW009030671.seq,bird_strike/20200825&0828&0831常州机场3个&大兴机场36个&萧山机场3个加急样品结果/测序结果/COI-1/NS8012_COI-1_C2790.COI-1-bird-F.PW009030671.seq
261,20200825,KN,COI-1,KN5806_COI-1_C2790.COI-1-bird-F.PW009030687.seq,bird_strike/20200825&0828&0831常州机场3个&大兴机场36个&萧山机场3个加急样品结果/测序结果/COI-1/KN5806_COI-1_C2790.COI-1-bird-F.PW009030687.seq
262,20200825,NS,COI-1,NS8078_COI-1_C2790.COI-1-bird-F.PW009030684.seq,bird_strike/20200825&0828&0831常州机场3个&大兴机场36个&萧山机场3个加急样品结果/测序结果/COI-1/NS8078_COI-1_C2790.COI-1-bird-F.PW009030684.seq
263,20200825,KN,COI-1,KN5668_COI-1_C2790.COI-1-bird-F.PW009030658.seq,bird_strike/20200825&0828&0831常州机场3个&大兴机场36个&萧山机场3个加急样品结果/测序结果/COI-1/KN5668_COI-1_C2790.COI-1-bird-F.PW009030658.seq
264,20200825,KN,COI-1,KN5620-8-26_COI-1_C2790.COI-1-bird-F.PW009030678.seq,bird_strike/20200825&0828&0831常州机场3个&大兴机场36个&萧山机场3个加急样品结果/测序结果/COI-1/KN5620-8-26_COI-1_C2790.COI-1-bird-F.PW009030678.seq
265,20200825,NS,COI-1,NS8008_COI-1_C2790.COI-1-bird-F.PW009030672.seq,bird_strike/20200825&0828&0831常州机场3个&大兴机场36个&萧山机场3个加急样品结果/测序结果/COI-1/NS8008_COI-1_C2790.COI-1-bird-F.PW009030672.seq
266,20200825,KN,COI-1,KN5216_COI-1_C2790.COI-1-bird-F.PW009030670.seq,bird_strike/20200825&0828&0831常州机场3个&大兴机场36个&萧山机场3个加急样品结果/测序结果/COI-1/KN5216_COI-1_C2790.COI-1-bird-F.PW009030670.seq
267,20200825,MU,COI-1,MU5198_COI-1_C2790.COI-1-bird-F.PW009030688.seq,bird_strike/20200825&0828&0831常州机场3个&大兴机场36个&萧山机场3个加急样品结果/测序结果/COI-1/MU5198_COI-1_C2790.COI-1-bird-F.PW009030688.seq
268,20200825,MU,COI-1,MU9717_COI-1_C2790.COI-1-bird-F.PW009030667.seq,bird_strike/20200825&0828&0831常州机场3个&大兴机场36个&萧山机场3个加急样品结果/测序结果/COI-1/MU9717_COI-1_C2790.COI-1-bird-F.PW009030667.seq
269,20200825,MU,COI-1,MU9701_COI-1_C2790.COI-1-bird-F.PW009030675.seq,bird_strike/20200825&0828&0831常州机场3个&大兴机场36个&萧山机场3个加急样品结果/测序结果/COI-1/MU9701_COI-1_C2790.COI-1-bird-F.PW009030675.seq
270,20200825,MF,COI-1,MF8202_COI-1_C2790.COI-1-bird-F.PW009030669.seq,bird_strike/20200825&0828&0831常州机场3个&大兴机场36个&萧山机场3个加急样品结果/测序结果/COI-1/MF8202_COI-1_C2790.COI-1-bird-F.PW009030669.seq
271,20200825,KN,COI-1,KN5770_COI-1_C2790.COI-1-bird-F.PW009030686.seq,bird_strike/20200825&0828&0831常州机场3个&大兴机场36个&萧山机场3个加急样品结果/测序结果/COI-1/KN5770_COI-1_C2790.COI-1-bird-F.PW009030686.seq
272,20200825,KN,COI-1,KN5620-8-21_COI-1_C2790.COI-1-bird-F.PW009030660.seq,bird_strike/20200825&0828&0831常州机场3个&大兴机场36个&萧山机场3个加急样品结果/测序结果/COI-1/KN5620-8-21_COI-1_C2790.COI-1-bird-F.PW009030660.seq
273,20200825,CZ,COI-1,CZ6164_COI-1_C2790.COI-1-bird-F.PW009030668.seq,bird_strike/20200825&0828&0831常州机场3个&大兴机场36个&萧山机场3个加急样品结果/测序结果/COI-1/CZ6164_COI-1_C2790.COI-1-bird-F.PW009030668.seq
274,20200825,KN,COI-1,KN2928_COI-1_C2790.COI-1-bird-F.PW009030692.seq,bird_strike/20200825&0828&0831常州机场3个&大兴机场36个&萧山机场3个加急样品结果/测序结果/COI-1/KN2928_COI-1_C2790.COI-1-bird-F.PW009030692.seq
275,20200825,KN,cytb,KN1281_L14995-H16065_C2790.L14995.PW009030745.seq,bird_strike/20200825&0828&0831常州机场3个&大兴机场36个&萧山机场3个加急样品结果/测序结果/Cytb/良好/KN1281_L14995-H16065_C2790.L14995.PW009030745.seq
276,20200825,MF,cytb,MF8202_L14995-H16065_C2790.L14995.PW009030773.seq,bird_strike/20200825&0828&0831常州机场3个&大兴机场36个&萧山机场3个加急样品结果/测序结果/Cytb/良好/MF8202_L14995-H16065_C2790.L14995.PW009030773.seq
277,20200825,KN,cytb,KN5228_L14995-H16065_C2790.L14995.PW009030757.seq,bird_strike/20200825&0828&0831常州机场3个&大兴机场36个&萧山机场3个加急样品结果/测序结果/Cytb/良好/KN5228_L14995-H16065_C2790.L14995.PW009030757.seq
278,20200825,KN,cytb,KN5620-8-26_L14995-H16065_C2790.L14995.PW009030784.seq,bird_strike/20200825&0828&0831常州机场3个&大兴机场36个&萧山机场3个加急样品结果/测序结果/Cytb/良好/KN5620-8-26_L14995-H16065_C2790.L14995.PW009030784.seq
279,20200825,KN,cytb,KN2912_L14995-H16065_C2790.L14995.PW009030777.seq,bird_strike/20200825&0828&0831常州机场3个&大兴机场36个&萧山机场3个加急样品结果/测序结果/Cytb/良好/KN2912_L14995-H16065_C2790.L14995.PW009030777.seq
280,20200825,NS,cytb,NS8032-8-24_L14995-H16065_C2790.L14995.PW009030795.seq,bird_strike/20200825&0828&0831常州机场3个&大兴机场36个&萧山机场3个加急样品结果/测序结果/Cytb/良好/NS8032-8-24_L14995-H16065_C2790.L14995.PW009030795.seq
281,20200825,NS,cytb,NS8008_L14995-H16065_C2790.L14995.PW009030776.seq,bird_strike/20200825&0828&0831常州机场3个&大兴机场36个&萧山机场3个加急样品结果/测序结果/Cytb/良好/NS8008_L14995-H16065_C2790.L14995.PW009030776.seq
282,20200825,CZ,cytb,CZ6160_L14995-H16065_C2790.L14995.PW009030746.seq,bird_strike/20200825&0828&0831常州机场3个&大兴机场36个&萧山机场3个加急样品结果/测序结果/Cytb/良好/CZ6160_L14995-H16065_C2790.L14995.PW009030746.seq
283,20200825,MU,cytb,MU9701_L14995-H16065_C2790.L14995.PW009030781.seq,bird_strike/20200825&0828&0831常州机场3个&大兴机场36个&萧山机场3个加急样品结果/测序结果/Cytb/良好/MU9701_L14995-H16065_C2790.L14995.PW009030781.seq
284,20200825,CZ,cytb,CZ6164_L14995-H16065_C2790.L14995.PW009030770.seq,bird_strike/20200825&0828&0831常州机场3个&大兴机场36个&萧山机场3个加急样品结果/测序结果/Cytb/良好/CZ6164_L14995-H16065_C2790.L14995.PW009030770.seq
285,20200825,NS,cytb,NS8032-8-27_L14995-H16065_C2790.L14995.PW009030789.seq,bird_strike/20200825&0828&0831常州机场3个&大兴机场36个&萧山机场3个加急样品结果/测序结果/Cytb/良好/NS8032-8-27_L14995-H16065_C2790.L14995.PW009030789.seq
286,20200825,KN,cytb,KN5216_L14995-H16065_C2790.L14995.PW009030774.seq,bird_strike/20200825&0828&0831常州机场3个&大兴机场36个&萧山机场3个加急样品结果/测序结果/Cytb/良好/KN5216_L14995-H16065_C2790.L14995.PW009030774.seq
287,20200825,MU,cytb,MU5198_L14995-H16065_C2790.L14995.PW009030798.seq,bird_strike/20200825&0828&0831常州机场3个&大兴机场36个&萧山机场3个加急样品结果/测序结果/Cytb/良好/MU5198_L14995-H16065_C2790.L14995.PW009030798.seq
288,20200825,KN,cytb,KN5956_L14995-H16065_C2790.L14995.PW009030787.seq,bird_strike/20200825&0828&0831常州机场3个&大兴机场36个&萧山机场3个加急样品结果/测序结果/Cytb/良好/KN5956_L14995-H16065_C2790.L14995.PW009030787.seq
289,20200825,MU,cytb,MU5293_L14995-H16065_C2790.L14995.PW009030759.seq,bird_strike/20200825&0828&0831常州机场3个&大兴机场36个&萧山机场3个加急样品结果/测序结果/Cytb/良好/MU5293_L14995-H16065_C2790.L14995.PW009030759.seq
290,20200825,KN,cytb,KN5616-8-26_L14995-H16065_C2790.L14995.PW009030791.seq,bird_strike/20200825&0828&0831常州机场3个&大兴机场36个&萧山机场3个加急样品结果/测序结果/Cytb/良好/KN5616-8-26_L14995-H16065_C2790.L14995.PW009030791.seq
291,20200825,KN,cytb,KN5616-8-21_L14995-H16065_C2790.L14995.PW009030802.seq,bird_strike/20200825&0828&0831常州机场3个&大兴机场36个&萧山机场3个加急样品结果/测序结果/Cytb/良好/KN5616-8-21_L14995-H16065_C2790.L14995.PW009030802.seq
292,20200825,KN,cytb,KN5770_L14995-H16065_C2790.L14995.PW009030796.seq,bird_strike/20200825&0828&0831常州机场3个&大兴机场36个&萧山机场3个加急样品结果/测序结果/Cytb/良好/KN5770_L14995-H16065_C2790.L14995.PW009030796.seq
293,20200825,KN,cytb,KN5620-8-21_L14995-H16065_C2790.L14995.PW009030758.seq,bird_strike/20200825&0828&0831常州机场3个&大兴机场36个&萧山机场3个加急样品结果/测序结果/Cytb/良好/KN5620-8-21_L14995-H16065_C2790.L14995.PW009030758.seq
294,20200825,NS,cytb,NS8012_L14995-H16065_C2790.L14995.PW009030775.seq,bird_strike/20200825&0828&0831常州机场3个&大兴机场36个&萧山机场3个加急样品结果/测序结果/Cytb/良好/NS8012_L14995-H16065_C2790.L14995.PW009030775.seq
295,20200825,KN,cytb,KN2928_L14995-H16065_C2790.L14995.PW009030804.seq,bird_strike/20200825&0828&0831常州机场3个&大兴机场36个&萧山机场3个加急样品结果/测序结果/Cytb/良好/KN2928_L14995-H16065_C2790.L14995.PW009030804.seq
296,20200825,KN,cytb,KN5668_L14995-H16065_C2790.L14995.PW009030756.seq,bird_strike/20200825&0828&0831常州机场3个&大兴机场36个&萧山机场3个加急样品结果/测序结果/Cytb/良好/KN5668_L14995-H16065_C2790.L14995.PW009030756.seq
297,20200825,NS,cytb,NS8028_L14995-H16065_C2790.L14995.PW009030767.seq,bird_strike/20200825&0828&0831常州机场3个&大兴机场36个&萧山机场3个加急样品结果/测序结果/Cytb/良好/NS8028_L14995-H16065_C2790.L14995.PW009030767.seq
298,20200825,KN,cytb,KN2932_L14995-H16065_C2790.L14995.PW009030747.seq,bird_strike/20200825&0828&0831常州机场3个&大兴机场36个&萧山机场3个加急样品结果/测序结果/Cytb/良好/KN2932_L14995-H16065_C2790.L14995.PW009030747.seq
299,20200825,NS,cytb,NS8078_L14995-H16065_C2790.L14995.PW009030794.seq,bird_strike/20200825&0828&0831常州机场3个&大兴机场36个&萧山机场3个加急样品结果/测序结果/Cytb/良好/NS8078_L14995-H16065_C2790.L14995.PW009030794.seq
300,20200825,KN,cytb,KN5952_L14995-H16065_C2790.L14995.PW009030801.seq,bird_strike/20200825&0828&0831常州机场3个&大兴机场36个&萧山机场3个加急样品结果/测序结果/Cytb/良好/KN5952_L14995-H16065_C2790.L14995.PW009030801.seq
301,20200825,KN,cytb,KN5806_L14995-H16065_C2790.L14995.PW009030797.seq,bird_strike/20200825&0828&0831常州机场3个&大兴机场36个&萧山机场3个加急样品结果/测序结果/Cytb/良好/KN5806_L14995-H16065_C2790.L14995.PW009030797.seq
302,20200825,CZ,cytb,CZ6125_L14995-H16065_C2790.L14995.PW009030803.seq,bird_strike/20200825&0828&0831常州机场3个&大兴机场36个&萧山机场3个加急样品结果/测序结果/Cytb/双峰/CZ6125_L14995-H16065_C2790.L14995.PW009030803.seq
303,20200825,MU,cytb,MU9717_L14995-H16065_C2790.L14995.PW009030769.seq,bird_strike/20200825&0828&0831常州机场3个&大兴机场36个&萧山机场3个加急样品结果/测序结果/Cytb/双峰/MU9717_L14995-H16065_C2790.L14995.PW009030769.seq
304,20200825,CZ,cytb,CZ6599_L14995-H16065_C2790.L14995.PW009030788.seq,bird_strike/20200825&0828&0831常州机场3个&大兴机场36个&萧山机场3个加急样品结果/测序结果/Cytb/双峰/CZ6599_L14995-H16065_C2790.L14995.PW009030788.seq
305,20200825,CZ,cytb,CZ8831_L14995-H16065_C2790.L14995.PW009030768.seq,bird_strike/20200825&0828&0831常州机场3个&大兴机场36个&萧山机场3个加急样品结果/测序结果/Cytb/双峰/CZ8831_L14995-H16065_C2790.L14995.PW009030768.seq
306,20200825,KN,cytb,KN5526_L14995-H16065_C2790.L14995.PW009030783.seq,bird_strike/20200825&0828&0831常州机场3个&大兴机场36个&萧山机场3个加急样品结果/测序结果/Cytb/双峰/KN5526_L14995-H16065_C2790.L14995.PW009030783.seq
308,20200825,KN,cytb,KN5026_L14995-H16065_C2790.L14995.PW009030782.seq,bird_strike/20200825&0828&0831常州机场3个&大兴机场36个&萧山机场3个加急样品结果/测序结果/Cytb/双峰/KN5026_L14995-H16065_C2790.L14995.PW009030782.seq
309,20200825,CZ,cytb,CZ3287_L14995-H16065_C2790.L14995.PW009030748.seq,bird_strike/20200825&0828&0831常州机场3个&大兴机场36个&萧山机场3个加急样品结果/测序结果/Cytb/双峰/CZ3287_L14995-H16065_C2790.L14995.PW009030748.seq
610,20200526,KN,cytb,KN5616_L14995-H16065_C2368.L14995.PW006030166.seq,bird_strike/20200526北京大兴机场10个样品结果/测序结果/cytb/良好/KN5616_L14995-H16065_C2368.L14995.PW006030166.seq
611,20200526,KN,cytb,KN5228_L14995-H16065_C2368.L14995.PW006030164.seq,bird_strike/20200526北京大兴机场10个样品结果/测序结果/cytb/良好/KN5228_L14995-H16065_C2368.L14995.PW006030164.seq
612,20200526,MF,cytb,MF8141_L14995-H16065_C2368.L14995.PW006030170.seq,bird_strike/20200526北京大兴机场10个样品结果/测序结果/cytb/良好/MF8141_L14995-H16065_C2368.L14995.PW006030170.seq
613,20200526,NS,cytb,NS8032_L14995-H16065_C2368.L14995.PW006030168.seq,bird_strike/20200526北京大兴机场10个样品结果/测序结果/cytb/良好/NS8032_L14995-H16065_C2368.L14995.PW006030168.seq
614,20200526,KN,cytb,KN5216_L14995-H16065_C2368.L14995.PW006030160.seq,bird_strike/20200526北京大兴机场10个样品结果/测序结果/cytb/良好/KN5216_L14995-H16065_C2368.L14995.PW006030160.seq
615,20200526,KN,cytb,KN5620_L14995-H16065_C2368.L14995.PW006030156.seq,bird_strike/20200526北京大兴机场10个样品结果/测序结果/cytb/良好/KN5620_L14995-H16065_C2368.L14995.PW006030156.seq
616,20200526,KN,cytb,KN5818_L14995-H16065_C2368.L14995.PW006030172.seq,bird_strike/20200526北京大兴机场10个样品结果/测序结果/cytb/双峰/KN5818_L14995-H16065_C2368.L14995.PW006030172.seq
617,20200526,MF,COI-1,MF8141_COI-1_C2368.COI-1-bird-F.PW006030169.seq,bird_strike/20200526北京大兴机场10个样品结果/测序结果/COI/MF8141_COI-1_C2368.COI-1-bird-F.PW006030169.seq
618,20200526,KN,COI-1,KN5216_COI-1_C2368.COI-1-bird-F.PW006030158.seq,bird_strike/20200526北京大兴机场10个样品结果/测序结果/COI/KN5216_COI-1_C2368.COI-1-bird-F.PW006030158.seq
619,20200526,KN,COI-1,KN5616_COI-1_C2368.COI-1-bird-F.PW006030165.seq,bird_strike/20200526北京大兴机场10个样品结果/测序结果/COI/KN5616_COI-1_C2368.COI-1-bird-F.PW006030165.seq
620,20200526,CS,COI-1,CS6945_COI-1_C2368.COI-1-bird-F.PW006030161.seq,bird_strike/20200526北京大兴机场10个样品结果/测序结果/COI/CS6945_COI-1_C2368.COI-1-bird-F.PW006030161.seq
1011,20210425,ZH,ND2,ZH9429_ND2_C3643-1.L5219.W105080320.seq,bird_strike/20210425重庆机场17个样品结果/4个样品补测结果/测序结果/良好/ZH9429_ND2_C3643-1.L5219.W105080320.seq
1012,20210425,PN,ND2,PN6268_ND2_C3643-1.L5219.W105080318.seq,bird_strike/20210425重庆机场17个样品结果/4个样品补测结果/测序结果/良好/PN6268_ND2_C3643-1.L5219.W105080318.seq
1013,20210425,3U,ND2,3U8138_ND2_C3643-1.L5219.W105080319.seq,bird_strike/20210425重庆机场17个样品结果/4个样品补测结果/测序结果/双峰/3U8138_ND2_C3643-1.L5219.W105080319.seq
1014,20210425,CA,ND2,CA1435_ND2_C3643-1.L5219.W105080317.seq,bird_strike/20210425重庆机场17个样品结果/4个样品补测结果/测序结果/双峰/CA1435_ND2_C3643-1.L5219.W105080317.seq
1015,20210425,CZ,COI-1,CZ6950_COI-1_C3643.COI-1-bird-F.W104290967.seq,bird_strike/20210425重庆机场17个样品结果/测序结果/COI-1/良好 10/CZ6950_COI-1_C3643.COI-1-bird-F.W104290967.seq
1016,20210425,OQ,COI-1,OQ2136_COI-1_C3643.COI-1-bird-F.W104290972.seq,bird_strike/20210425重庆机场17个样品结果/测序结果/COI-1/良好 10/OQ2136_COI-1_C3643.COI-1-bird-F.W104290972.seq
1017,20210425,G,COI-1,G52654_COI-1_C3643.COI-1-bird-F.W104290973.seq,bird_strike/20210425重庆机场17个样品结果/测序结果/COI-1/良好 10/G52654_COI-1_C3643.COI-1-bird-F.W104290973.seq
1018,20210425,MU,COI-1,MU2261_COI-1_C3643.COI-1-bird-F.W104290966.seq,bird_strike/20210425重庆机场17个样品结果/测序结果/COI-1/良好 10/MU2261_COI-1_C3643.COI-1-bird-F.W104290966.seq
1019,20210425,3U,COI-1,3U8182_COI-1_C3643.COI-1-bird-F.W104290960.seq,bird_strike/20210425重庆机场17个样品结果/测序结果/COI-1/良好 10/3U8182_COI-1_C3643.COI-1-bird-F.W104290960.seq
1020,20210425,pc,COI-1,pc8897_COI-1_C3643.COI-1-bird-F.W104290925.seq,bird_strike/20210425重庆机场17个样品结果/测序结果/COI-1/良好 10/pc8897_COI-1_C3643.COI-1-bird-F.W104290925.seq
1021,20210425,OQ,COI-1,OQ2308_COI-1_C3643.COI-1-bird-F.W104290949.seq,bird_strike/20210425重庆机场17个样品结果/测序结果/COI-1/良好 10/OQ2308_COI-1_C3643.COI-1-bird-F.W104290949.seq
1022,20210425,MU,COI-1,MU6996_COI-1_C3643.COI-1-bird-F.W104290927.seq,bird_strike/20210425重庆机场17个样品结果/测序结果/COI-1/良好 10/MU6996_COI-1_C3643.COI-1-bird-F.W104290927.seq
1023,20210425,PN,COI-1,PN6252_COI-1_C3643.COI-1-bird-F.W104301185.seq,bird_strike/20210425重庆机场17个样品结果/测序结果/COI-1/良好 10/PN6252_COI-1_C3643.COI-1-bird-F.W104301185.seq
1024,20210425,CZ,COI-1,CZ0487_COI-1_C3643.COI-1-bird-F.W104290948.seq,bird_strike/20210425重庆机场17个样品结果/测序结果/COI-1/良好 10/CZ0487_COI-1_C3643.COI-1-bird-F.W104290948.seq
1025,20210425,EU,COI-1,EU2717_COI-1_C3643.COI-1-bird-F.W104301123.seq,bird_strike/20210425重庆机场17个样品结果/测序结果/COI-1/双峰 1/EU2717_COI-1_C3643.COI-1-bird-F.W104301123.seq
1026,20210425,MU,cytb,MU6996_L14995-H16065_C3643.L14995.W104290918.seq,bird_strike/20210425重庆机场17个样品结果/测序结果/Cytb/良好 10个/MU6996_L14995-H16065_C3643.L14995.W104290918.seq
1027,20210425,EU,cytb,EU2717_L14995-H16065_C3643.L14995.W104290951.seq,bird_strike/20210425重庆机场17个样品结果/测序结果/Cytb/良好 10个/EU2717_L14995-H16065_C3643.L14995.W104290951.seq
1028,20210425,CZ,cytb,CZ6950_L14995-H16065_C3643.L14995.W104290963.seq,bird_strike/20210425重庆机场17个样品结果/测序结果/Cytb/良好 10个/CZ6950_L14995-H16065_C3643.L14995.W104290963.seq
1029,20210425,CZ,cytb,CZ8537_L14995-H16065_C3643.L14995.W104290974.seq,bird_strike/20210425重庆机场17个样品结果/测序结果/Cytb/良好 10个/CZ8537_L14995-H16065_C3643.L14995.W104290974.seq
1030,20210425,pc,cytb,pc8897_L14995-H16065_C3643.L14995.W104300885.seq,bird_strike/20210425重庆机场17个样品结果/测序结果/Cytb/良好 10个/pc8897_L14995-H16065_C3643.L14995.W104300885.seq
1031,20210425,MU,cytb,MU2261_L14995-H16065_C3643.L14995.W104290962.seq,bird_strike/20210425重庆机场17个样品结果/测序结果/Cytb/良好 10个/MU2261_L14995-H16065_C3643.L14995.W104290962.seq
1032,20210425,PN,cytb,PN6252_L14995-H16065_C3643.L14995.W104290917.seq,bird_strike/20210425重庆机场17个样品结果/测序结果/Cytb/良好 10个/PN6252_L14995-H16065_C3643.L14995.W104290917.seq
1033,20210425,MU,cytb,MU5865_L14995-H16065_C3643.L14995.W104300896.seq,bird_strike/20210425重庆机场17个样品结果/测序结果/Cytb/良好 10个/MU5865_L14995-H16065_C3643.L14995.W104300896.seq
1034,20210425,OQ,cytb,OQ2308_L14995-H16065_C3643.L14995.W104290941.seq,bird_strike/20210425重庆机场17个样品结果/测序结果/Cytb/良好 10个/OQ2308_L14995-H16065_C3643.L14995.W104290941.seq
1035,20210425,3U,cytb,3U8182_L14995-H16065_C3643.L14995.W104290956.seq,bird_strike/20210425重庆机场17个样品结果/测序结果/Cytb/良好 10个/3U8182_L14995-H16065_C3643.L14995.W104290956.seq
1122,20201128,20201126-0-01,ND2,20201126-0-01_ND2_C3128-1.L5219.W012070470.seq,bird_strike/20201128南宁机场16个样品检测结果/2个加测结果/测序结果/ND2/20201126-0-01_ND2_C3128-1.L5219.W012070470.seq
1123,20201128,20201126-0-15,ND2,20201126-0-15_ND2_C3128-1.L5219.W012080722.seq,bird_strike/20201128南宁机场16个样品检测结果/2个加测结果/测序结果/ND2/20201126-0-15_ND2_C3128-1.L5219.W012080722.seq
1124,20201128,20201126-0-16,ND2,20201126-0-16_ND2_C3128-1.L5219.W012080723.seq,bird_strike/20201128南宁机场16个样品检测结果/2个加测结果/测序结果/ND2/20201126-0-16_ND2_C3128-1.L5219.W012080723.seq
1125,20201128,20201126-0-14,ND2,20201126-0-14_ND2_C3128-1.L5219.W012070472.seq,bird_strike/20201128南宁机场16个样品检测结果/2个加测结果/测序结果/ND2/20201126-0-14_ND2_C3128-1.L5219.W012070472.seq
1126,20201128,20201126-0-09,COI-1,20201126-0-09_COI-1_C3128.COI-1-bird-F.W012010878.seq,bird_strike/20201128南宁机场16个样品检测结果/测序结果/COI-1/良好/20201126-0-09_COI-1_C3128.COI-1-bird-F.W012010878.seq
1127,20201128,20201126-0-05,COI-1,20201126-0-05_COI-1_C3128.COI-1-bird-F.W012010893.seq,bird_strike/20201128南宁机场16个样品检测结果/测序结果/COI-1/良好/20201126-0-05_COI-1_C3128.COI-1-bird-F.W012010893.seq
1128,20201128,20201126-0-11,COI-1,20201126-0-11_COI-1_C3128.COI-1-bird-F.W012010886.seq,bird_strike/20201128南宁机场16个样品检测结果/测序结果/COI-1/良好/20201126-0-11_COI-1_C3128.COI-1-bird-F.W012010886.seq
1129,20201128,20201126-0-04,COI-1,20201126-0-04_COI-1_C3128.COI-1-bird-F.W012010889.seq,bird_strike/20201128南宁机场16个样品检测结果/测序结果/COI-1/良好/20201126-0-04_COI-1_C3128.COI-1-bird-F.W012010889.seq
1130,20201128,20201126-0-10,COI-1,20201126-0-10_COI-1_C3128.COI-1-bird-F.W012010882.seq,bird_strike/20201128南宁机场16个样品检测结果/测序结果/COI-1/良好/20201126-0-10_COI-1_C3128.COI-1-bird-F.W012010882.seq
1131,20201128,20201126-0-08,COI-1,20201126-0-08_COI-1_C3128.COI-1-bird-F.W012010874.seq,bird_strike/20201128南宁机场16个样品检测结果/测序结果/COI-1/良好/20201126-0-08_COI-1_C3128.COI-1-bird-F.W012010874.seq
1132,20201128,20201126-0-12,COI-1,20201126-0-12_COI-1_C3128.COI-1-bird-F.W012010890.seq,bird_strike/20201128南宁机场16个样品检测结果/测序结果/COI-1/良好/20201126-0-12_COI-1_C3128.COI-1-bird-F.W012010890.seq
1133,20201128,20201126-0-07,COI-1,20201126-0-07_COI-1_C3128.COI-1-bird-F.W012010901.seq,bird_strike/20201128南宁机场16个样品检测结果/测序结果/COI-1/良好/20201126-0-07_COI-1_C3128.COI-1-bird-F.W012010901.seq
1134,20201128,20201126-0-03,COI-1,20201126-0-03_COI-1_C3128.COI-1-bird-F.W012010885.seq,bird_strike/20201128南宁机场16个样品检测结果/测序结果/COI-1/双峰/20201126-0-03_COI-1_C3128.COI-1-bird-F.W012010885.seq
1135,20201128,20201126-0-10,cytb,20201126-0-10_L14995-H16065_C3128.L14995.W012010884.seq,bird_strike/20201128南宁机场16个样品检测结果/测序结果/Cytb/良好/20201126-0-10_L14995-H16065_C3128.L14995.W012010884.seq
1136,20201128,20201126-0-12,cytb,20201126-0-12_L14995-H16065_C3128.L14995.W012010892.seq,bird_strike/20201128南宁机场16个样品检测结果/测序结果/Cytb/良好/20201126-0-12_L14995-H16065_C3128.L14995.W012010892.seq
1137,20201128,20201126-0-07,cytb,20201126-0-07_L14995-H16065_C3128.L14995.W012010903.seq,bird_strike/20201128南宁机场16个样品检测结果/测序结果/Cytb/良好/20201126-0-07_L14995-H16065_C3128.L14995.W012010903.seq
1138,20201128,20201126-0-02,cytb,20201126-0-02_L14995-H16065_C3128.L14995.W012010883.seq,bird_strike/20201128南宁机场16个样品检测结果/测序结果/Cytb/良好/20201126-0-02_L14995-H16065_C3128.L14995.W012010883.seq
1139,20201128,20201126-0-13,cytb,20201126-0-13_L14995-H16065_C3128.L14995.W012010896.seq,bird_strike/20201128南宁机场16个样品检测结果/测序结果/Cytb/良好/20201126-0-13_L14995-H16065_C3128.L14995.W012010896.seq
1140,20201128,20201126-0-09,cytb,20201126-0-09_L14995-H16065_C3128.L14995.W012010880.seq,bird_strike/20201128南宁机场16个样品检测结果/测序结果/Cytb/良好/20201126-0-09_L14995-H16065_C3128.L14995.W012010880.seq
1141,20201128,20201126-0-04,cytb,20201126-0-04_L14995-H16065_C3128.L14995.W012010891.seq,bird_strike/20201128南宁机场16个样品检测结果/测序结果/Cytb/良好/20201126-0-04_L14995-H16065_C3128.L14995.W012010891.seq
1142,20201128,20201126-0-03,cytb,20201126-0-03_L14995-H16065_C3128.L14995.W012010887.seq,bird_strike/20201128南宁机场16个样品检测结果/测序结果/Cytb/良好/20201126-0-03_L14995-H16065_C3128.L14995.W012010887.seq
1143,20201128,20201126-0-05,cytb,20201126-0-05_L14995-H16065_C3128.L14995.W012010895.seq,bird_strike/20201128南宁机场16个样品检测结果/测序结果/Cytb/良好/20201126-0-05_L14995-H16065_C3128.L14995.W012010895.seq
1144,20201128,20201126-0-06,cytb,20201126-0-06_L14995-H16065_C3128.L14995.W012010899.seq,bird_strike/20201128南宁机场16个样品检测结果/测序结果/Cytb/良好/20201126-0-06_L14995-H16065_C3128.L14995.W012010899.seq
1145,20201128,20201126-0-08,cytb,20201126-0-08_L14995-H16065_C3128.L14995.W012010876.seq,bird_strike/20201128南宁机场16个样品检测结果/测序结果/Cytb/双峰/20201126-0-08_L14995-H16065_C3128.L14995.W012010876.seq
1536,20200520,zuck,cytb,zuck2019074_L14995-H16065_C2334.L14995.PW005280087.seq,bird_strike/20200520重庆机场8个样品结果/测序结果/cytb/良好/zuck2019074_L14995-H16065_C2334.L14995.PW005280087.seq
1537,20200520,zuck,cytb,zuck2019075_L14995-H16065_C2334.L14995.PW005280096.seq,bird_strike/20200520重庆机场8个样品结果/测序结果/cytb/良好/zuck2019075_L14995-H16065_C2334.L14995.PW005280096.seq
1538,20200520,zuck,cytb,zuck2020001_L14995-H16065_C2334.L14995.PW005280105.seq,bird_strike/20200520重庆机场8个样品结果/测序结果/cytb/双峰/zuck2020001_L14995-H16065_C2334.L14995.PW005280105.seq
1539,20200520,zuck,cytb,zuck2019072_L14995-H16065_C2334.L14995.PW005280134.seq,bird_strike/20200520重庆机场8个样品结果/测序结果/cytb/双峰/zuck2019072_L14995-H16065_C2334.L14995.PW005280134.seq
1540,20200520,zuck,cytb,zuck2019070_L14995-H16065_C2334.L14995.PW005280122.seq,bird_strike/20200520重庆机场8个样品结果/测序结果/cytb/双峰/zuck2019070_L14995-H16065_C2334.L14995.PW005280122.seq
1541,20200520,zuck,cytb,zuck2019069_L14995-H16065_C2334.L14995.PW005280113.seq,bird_strike/20200520重庆机场8个样品结果/测序结果/cytb/双峰/zuck2019069_L14995-H16065_C2334.L14995.PW005280113.seq
1542,20200520,zuck,COI-1,zuck2019071_COI-1_C2334.COI-1-bird-F.PW005280067.seq,bird_strike/20200520重庆机场8个样品结果/测序结果/COI/良好/zuck2019071_COI-1_C2334.COI-1-bird-F.PW005280067.seq
1548,20200905,KN,cytb,KN5812_L14995-H16065_C2842.L14995.PW009170177.seq,bird_strike/20200905北京大兴机场64个样品结果/测序结果/cytb/良好/KN5812_L14995-H16065_C2842.L14995.PW009170177.seq
1549,20200905,CZ,cytb,CZ8886-jiguan_L14995-H16065_C2842.L14995.PW009170174.seq,bird_strike/20200905北京大兴机场64个样品结果/测序结果/cytb/良好/CZ8886-jiguan_L14995-H16065_C2842.L14995.PW009170174.seq
1550,20200905,KN,cytb,KN2966_L14995-H16065_C2842.L14995.PW009170176.seq,bird_strike/20200905北京大兴机场64个样品结果/测序结果/cytb/良好/KN2966_L14995-H16065_C2842.L14995.PW009170176.seq
1551,20200905,KN,cytb,KN5216_L14995-H16065_C2842.L14995.PW009170208.seq,bird_strike/20200905北京大兴机场64个样品结果/测序结果/cytb/良好/KN5216_L14995-H16065_C2842.L14995.PW009170208.seq
1552,20200905,CZ,cytb,CZ6599_L14995-H16065_C2842.L14995.PW009170165.seq,bird_strike/20200905北京大兴机场64个样品结果/测序结果/cytb/良好/CZ6599_L14995-H16065_C2842.L14995.PW009170165.seq
1553,20200905,NS,cytb,NS8070_L14995-H16065_C2842.L14995.PW009170186.seq,bird_strike/20200905北京大兴机场64个样品结果/测序结果/cytb/良好/NS8070_L14995-H16065_C2842.L14995.PW009170186.seq
1554,20200905,KN,cytb,KN5228_L14995-H16065_C2842.L14995.PW009170210.seq,bird_strike/20200905北京大兴机场64个样品结果/测序结果/cytb/良好/KN5228_L14995-H16065_C2842.L14995.PW009170210.seq
1555,20200905,MF,cytb,MF8191_L14995-H16065_C2842.L14995.PW009170221.seq,bird_strike/20200905北京大兴机场64个样品结果/测序结果/cytb/良好/MF8191_L14995-H16065_C2842.L14995.PW009170221.seq
1556,20200905,NS,cytb,NS8018_L14995-H16065_C2842.L14995.PW009170222.seq,bird_strike/20200905北京大兴机场64个样品结果/测序结果/cytb/良好/NS8018_L14995-H16065_C2842.L14995.PW009170222.seq
1557,20200905,CZ,cytb,CZ6658_L14995-H16065_C2842.L14995.PW009170196.seq,bird_strike/20200905北京大兴机场64个样品结果/测序结果/cytb/良好/CZ6658_L14995-H16065_C2842.L14995.PW009170196.seq
1558,20200905,KN,cytb,KN5326_L14995-H16065_C2842.L14995.PW009170201.seq,bird_strike/20200905北京大兴机场64个样品结果/测序结果/cytb/良好/KN5326_L14995-H16065_C2842.L14995.PW009170201.seq
1559,20200905,MU,cytb,MU5707-yumao_L14995-H16065_C2842.L14995.PW009170188.seq,bird_strike/20200905北京大兴机场64个样品结果/测序结果/cytb/良好/MU5707-yumao_L14995-H16065_C2842.L14995.PW009170188.seq
1560,20200905,KN,cytb,KN5668-20200828_L14995-H16065_C2842.L14995.PW009170163.seq,bird_strike/20200905北京大兴机场64个样品结果/测序结果/cytb/良好/KN5668-20200828_L14995-H16065_C2842.L14995.PW009170163.seq
1561,20200905,MU,cytb,MU9711_L14995-H16065_C2842.L14995.PW009170178.seq,bird_strike/20200905北京大兴机场64个样品结果/测序结果/cytb/良好/MU9711_L14995-H16065_C2842.L14995.PW009170178.seq
1562,20200905,JD,cytb,JD5768_L14995-H16065_C2842.L14995.PW009170164.seq,bird_strike/20200905北京大兴机场64个样品结果/测序结果/cytb/良好/JD5768_L14995-H16065_C2842.L14995.PW009170164.seq
1563,20200905,CZ,cytb,CZ3815-20200901_L14995-H16065_C2842.L14995.PW009170215.seq,bird_strike/20200905北京大兴机场64个样品结果/测序结果/cytb/良好/CZ3815-20200901_L14995-H16065_C2842.L14995.PW009170215.seq
1564,20200905,KN,cytb,KN5900_L14995-H16065_C2842.L14995.PW009180875.seq,bird_strike/20200905北京大兴机场64个样品结果/测序结果/cytb/良好/KN5900_L14995-H16065_C2842.L14995.PW009180875.seq
1565,20200905,MU,cytb,MU9717_L14995-H16065_C2842.L14995.PW009170219.seq,bird_strike/20200905北京大兴机场64个样品结果/测序结果/cytb/良好/MU9717_L14995-H16065_C2842.L14995.PW009170219.seq
1566,20200905,MU,cytb,MU5707-mianjian_L14995-H16065_C2842.L14995.PW009170225.seq,bird_strike/20200905北京大兴机场64个样品结果/测序结果/cytb/良好/MU5707-mianjian_L14995-H16065_C2842.L14995.PW009170225.seq
1567,20200905,KN,cytb,KN5668-20200831_L14995-H16065_C2842.L14995.PW009170167.seq,bird_strike/20200905北京大兴机场64个样品结果/测序结果/cytb/良好/KN5668-20200831_L14995-H16065_C2842.L14995.PW009170167.seq
1568,20200905,CZ,cytb,CZ3177_L14995-H16065_C2842.L14995.PW009170181.seq,bird_strike/20200905北京大兴机场64个样品结果/测序结果/cytb/良好/CZ3177_L14995-H16065_C2842.L14995.PW009170181.seq
1569,20200905,KN,cytb,KN2928-20200828_L14995-H16065_C2842.L14995.PW009170220.seq,bird_strike/20200905北京大兴机场64个样品结果/测序结果/cytb/良好/KN2928-20200828_L14995-H16065_C2842.L14995.PW009170220.seq
1570,20200905,MU,cytb,MU5148_L14995-H16065_C2842.L14995.PW009170189.seq,bird_strike/20200905北京大兴机场64个样品结果/测序结果/cytb/良好/MU5148_L14995-H16065_C2842.L14995.PW009170189.seq
1571,20200905,KN,cytb,KN5916_L14995-H16065_C2842.L14995.PW009170226.seq,bird_strike/20200905北京大兴机场64个样品结果/测序结果/cytb/良好/KN5916_L14995-H16065_C2842.L14995.PW009170226.seq
1572,20200905,MU,cytb,MU7806_L14995-H16065_C2842.L14995.PW009170180.seq,bird_strike/20200905北京大兴机场64个样品结果/测序结果/cytb/良好/MU7806_L14995-H16065_C2842.L14995.PW009170180.seq
1573,20200905,CZ,cytb,CZ2232_L14995-H16065_C2842.L14995.PW009170175.seq,bird_strike/20200905北京大兴机场64个样品结果/测序结果/cytb/良好/CZ2232_L14995-H16065_C2842.L14995.PW009170175.seq
1574,20200905,KN,cytb,KN2928-20200904_L14995-H16065_C2842.L14995.PW009180896.seq,bird_strike/20200905北京大兴机场64个样品结果/测序结果/cytb/良好/KN2928-20200904_L14995-H16065_C2842.L14995.PW009180896.seq
1575,20200905,KN,cytb,KN5652_L14995-H16065_C2842.L14995.PW009170183.seq,bird_strike/20200905北京大兴机场64个样品结果/测序结果/cytb/良好/KN5652_L14995-H16065_C2842.L14995.PW009170183.seq
1576,20200905,CA,cytb,CA1142_L14995-H16065_C2842.L14995.PW009170193.seq,bird_strike/20200905北京大兴机场64个样品结果/测序结果/cytb/良好/CA1142_L14995-H16065_C2842.L14995.PW009170193.seq
1577,20200905,MF,cytb,MF8122_L14995-H16065_C2842.L14995.PW009170169.seq,bird_strike/20200905北京大兴机场64个样品结果/测序结果/cytb/良好/MF8122_L14995-H16065_C2842.L14995.PW009170169.seq
1578,20200905,KN,cytb,KN2932-20200903_L14995-H16065_C2842.L14995.PW009170212.seq,bird_strike/20200905北京大兴机场64个样品结果/测序结果/cytb/良好/KN2932-20200903_L14995-H16065_C2842.L14995.PW009170212.seq
1579,20200905,KN,cytb,KN5760_L14995-H16065_C2842.L14995.PW009170209.seq,bird_strike/20200905北京大兴机场64个样品结果/测序结果/cytb/良好/KN5760_L14995-H16065_C2842.L14995.PW009170209.seq
1580,20200905,CZ,cytb,CZ2415_L14995-H16065_C2842.L14995.PW009180908.seq,bird_strike/20200905北京大兴机场64个样品结果/测序结果/cytb/双峰/CZ2415_L14995-H16065_C2842.L14995.PW009180908.seq
1581,20200905,KN,cytb,KN2459_L14995-H16065_C2842.L14995.PW009170206.seq,bird_strike/20200905北京大兴机场64个样品结果/测序结果/cytb/双峰/KN2459_L14995-H16065_C2842.L14995.PW009170206.seq
1582,20200905,KN,cytb,KN2986_L14995-H16065_C2842.L14995.PW009170173.seq,bird_strike/20200905北京大兴机场64个样品结果/测序结果/cytb/双峰/KN2986_L14995-H16065_C2842.L14995.PW009170173.seq
1583,20200905,CZ,cytb,CZ8886-liangjiyi_L14995-H16065_C2842.L14995.PW009170214.seq,bird_strike/20200905北京大兴机场64个样品结果/测序结果/cytb/双峰/CZ8886-liangjiyi_L14995-H16065_C2842.L14995.PW009170214.seq
1584,20200905,MF,cytb,MF8147_L14995-H16065_C2842.L14995.PW009170216.seq,bird_strike/20200905北京大兴机场64个样品结果/测序结果/cytb/双峰/MF8147_L14995-H16065_C2842.L14995.PW009170216.seq
1585,20200905,KN,cytb,KN5656_L14995-H16065_C2842.L14995.PW009170166.seq,bird_strike/20200905北京大兴机场64个样品结果/测序结果/cytb/双峰/KN5656_L14995-H16065_C2842.L14995.PW009170166.seq
1586,20200905,CZ,cytb,CZ6164_L14995-H16065_C2842.L14995.PW009170223.seq,bird_strike/20200905北京大兴机场64个样品结果/测序结果/cytb/双峰/CZ6164_L14995-H16065_C2842.L14995.PW009170223.seq
1587,20200905,MU,cytb,MU2459-20200827_L14995-H16065_C2842.L14995.PW009170190.seq,bird_strike/20200905北京大兴机场64个样品结果/测序结果/cytb/双峰/MU2459-20200827_L14995-H16065_C2842.L14995.PW009170190.seq
1588,20200905,CZ,cytb,CZ2234_L14995-H16065_C2842.L14995.PW009170184.seq,bird_strike/20200905北京大兴机场64个样品结果/测序结果/cytb/双峰/CZ2234_L14995-H16065_C2842.L14995.PW009170184.seq
1589,20200905,KN,cytb,KN2932-20200902_L14995-H16065_C2842.L14995.PW009170204.seq,bird_strike/20200905北京大兴机场64个样品结果/测序结果/cytb/双峰/KN2932-20200902_L14995-H16065_C2842.L14995.PW009170204.seq
1590,20200905,NS,COI-1,NS8070_COI-1_C2842.COI-1-bird-F.PW009170122.seq,bird_strike/20200905北京大兴机场64个样品结果/测序结果/COI-1/良好/NS8070_COI-1_C2842.COI-1-bird-F.PW009170122.seq
1591,20200905,NS,COI-1,NS8018_COI-1_C2842.COI-1-bird-F.PW009170158.seq,bird_strike/20200905北京大兴机场64个样品结果/测序结果/COI-1/良好/NS8018_COI-1_C2842.COI-1-bird-F.PW009170158.seq
1592,20200905,MU,COI-1,MU5148_COI-1_C2842.COI-1-bird-F.PW009170125.seq,bird_strike/20200905北京大兴机场64个样品结果/测序结果/COI-1/良好/MU5148_COI-1_C2842.COI-1-bird-F.PW009170125.seq
1593,20200905,KN,COI-1,KN5326_COI-1_C2842.COI-1-bird-F.PW009170137.seq,bird_strike/20200905北京大兴机场64个样品结果/测序结果/COI-1/良好/KN5326_COI-1_C2842.COI-1-bird-F.PW009170137.seq
1594,20200905,KN,COI-1,KN5900_COI-1_C2842.COI-1-bird-F.PW009170133.seq,bird_strike/20200905北京大兴机场64个样品结果/测序结果/COI-1/良好/KN5900_COI-1_C2842.COI-1-bird-F.PW009170133.seq
1595,20200905,MU,COI-1,MU9628_COI-1_C2842.COI-1-bird-F.PW009170138.seq,bird_strike/20200905北京大兴机场64个样品结果/测序结果/COI-1/良好/MU9628_COI-1_C2842.COI-1-bird-F.PW009170138.seq
1596,20200905,CZ,COI-1,CZ2415_COI-1_C2842.COI-1-bird-F.PW009170127.seq,bird_strike/20200905北京大兴机场64个样品结果/测序结果/COI-1/良好/CZ2415_COI-1_C2842.COI-1-bird-F.PW009170127.seq
1597,20200905,KN,COI-1,KN5216_COI-1_C2842.COI-1-bird-F.PW009170144.seq,bird_strike/20200905北京大兴机场64个样品结果/测序结果/COI-1/良好/KN5216_COI-1_C2842.COI-1-bird-F.PW009170144.seq
1598,20200905,CZ,COI-1,CZ3184-20200828fadongji_COI-1_C2842.COI-1-bird-F.PW009170123.seq,bird_strike/20200905北京大兴机场64个样品结果/测序结果/COI-1/良好/CZ3184-20200828fadongji_COI-1_C2842.COI-1-bird-F.PW009170123.seq
1599,20200905,KN,COI-1,KN2928-20200904_COI-1_C2842.COI-1-bird-F.PW009170121.seq,bird_strike/20200905北京大兴机场64个样品结果/测序结果/COI-1/良好/KN2928-20200904_COI-1_C2842.COI-1-bird-F.PW009170121.seq
1600,20200905,CZ,COI-1,CZ8886-jiguan_COI-1_C2842.COI-1-bird-F.PW009170110.seq,bird_strike/20200905北京大兴机场64个样品结果/测序结果/COI-1/良好/CZ8886-jiguan_COI-1_C2842.COI-1-bird-F.PW009170110.seq
1601,20200905,CZ,COI-1,CZ6992_COI-1_C2842.COI-1-bird-F.PW009170135.seq,bird_strike/20200905北京大兴机场64个样品结果/测序结果/COI-1/良好/CZ6992_COI-1_C2842.COI-1-bird-F.PW009170135.seq
1602,20200905,KN,COI-1,KN5916_COI-1_C2842.COI-1-bird-F.PW009170162.seq,bird_strike/20200905北京大兴机场64个样品结果/测序结果/COI-1/良好/KN5916_COI-1_C2842.COI-1-bird-F.PW009170162.seq
1603,20200905,JD,COI-1,JD5768_COI-1_C2842.COI-1-bird-F.PW009170100.seq,bird_strike/20200905北京大兴机场64个样品结果/测序结果/COI-1/良好/JD5768_COI-1_C2842.COI-1-bird-F.PW009170100.seq
1604,20200905,KN,COI-1,KN5668-20200828_COI-1_C2842.COI-1-bird-F.PW009170099.seq,bird_strike/20200905北京大兴机场64个样品结果/测序结果/COI-1/良好/KN5668-20200828_COI-1_C2842.COI-1-bird-F.PW009170099.seq
1605,20200905,KN,COI-1,KN5770_COI-1_C2842.COI-1-bird-F.PW009170149.seq,bird_strike/20200905北京大兴机场64个样品结果/测序结果/COI-1/良好/KN5770_COI-1_C2842.COI-1-bird-F.PW009170149.seq
1606,20200905,KN,COI-1,KN5228_COI-1_C2842.COI-1-bird-F.PW009170146.seq,bird_strike/20200905北京大兴机场64个样品结果/测序结果/COI-1/良好/KN5228_COI-1_C2842.COI-1-bird-F.PW009170146.seq
1607,20200905,MU,COI-1,MU7806_COI-1_C2842.COI-1-bird-F.PW009170116.seq,bird_strike/20200905北京大兴机场64个样品结果/测序结果/COI-1/良好/MU7806_COI-1_C2842.COI-1-bird-F.PW009170116.seq
1608,20200905,CA,COI-1,CA1142_COI-1_C2842.COI-1-bird-F.PW009170129.seq,bird_strike/20200905北京大兴机场64个样品结果/测序结果/COI-1/良好/CA1142_COI-1_C2842.COI-1-bird-F.PW009170129.seq
1609,20200905,CZ,COI-1,CZ6658_COI-1_C2842.COI-1-bird-F.PW009170132.seq,bird_strike/20200905北京大兴机场64个样品结果/测序结果/COI-1/良好/CZ6658_COI-1_C2842.COI-1-bird-F.PW009170132.seq
1610,20200905,KN,COI-1,KN5668-20200831_COI-1_C2842.COI-1-bird-F.PW009170103.seq,bird_strike/20200905北京大兴机场64个样品结果/测序结果/COI-1/良好/KN5668-20200831_COI-1_C2842.COI-1-bird-F.PW009170103.seq
1611,20200905,MF,COI-1,MF8129_COI-1_C2842.COI-1-bird-F.PW009170136.seq,bird_strike/20200905北京大兴机场64个样品结果/测序结果/COI-1/良好/MF8129_COI-1_C2842.COI-1-bird-F.PW009170136.seq
1612,20200905,CZ,COI-1,CZ6164_COI-1_C2842.COI-1-bird-F.PW009170159.seq,bird_strike/20200905北京大兴机场64个样品结果/测序结果/COI-1/良好/CZ6164_COI-1_C2842.COI-1-bird-F.PW009170159.seq
1613,20200905,CZ,COI-1,CZ2232_COI-1_C2842.COI-1-bird-F.PW009170111.seq,bird_strike/20200905北京大兴机场64个样品结果/测序结果/COI-1/良好/CZ2232_COI-1_C2842.COI-1-bird-F.PW009170111.seq
1614,20200905,KN,COI-1,KN5712_COI-1_C2842.COI-1-bird-F.PW009170154.seq,bird_strike/20200905北京大兴机场64个样品结果/测序结果/COI-1/良好/KN5712_COI-1_C2842.COI-1-bird-F.PW009170154.seq
1615,20200905,MU,COI-1,MU9711_COI-1_C2842.COI-1-bird-F.PW009170114.seq,bird_strike/20200905北京大兴机场64个样品结果/测序结果/COI-1/良好/MU9711_COI-1_C2842.COI-1-bird-F.PW009170114.seq
1616,20200905,MU,COI-1,MU9709_COI-1_C2842.COI-1-bird-F.PW009170130.seq,bird_strike/20200905北京大兴机场64个样品结果/测序结果/COI-1/良好/MU9709_COI-1_C2842.COI-1-bird-F.PW009170130.seq
1617,20200905,KN,COI-1,KN2966_COI-1_C2842.COI-1-bird-F.PW009170112.seq,bird_strike/20200905北京大兴机场64个样品结果/测序结果/COI-1/良好/KN2966_COI-1_C2842.COI-1-bird-F.PW009170112.seq
1618,20200905,CZ,COI-1,CZ6599_COI-1_C2842.COI-1-bird-F.PW009170101.seq,bird_strike/20200905北京大兴机场64个样品结果/测序结果/COI-1/良好/CZ6599_COI-1_C2842.COI-1-bird-F.PW009170101.seq
1619,20200905,CZ,COI-1,CZ8886-liangjiyi_COI-1_C2842.COI-1-bird-F.PW009170150.seq,bird_strike/20200905北京大兴机场64个样品结果/测序结果/COI-1/良好/CZ8886-liangjiyi_COI-1_C2842.COI-1-bird-F.PW009170150.seq
1620,20200905,KN,COI-1,KN2459_COI-1_C2842.COI-1-bird-F.PW009170142.seq,bird_strike/20200905北京大兴机场64个样品结果/测序结果/COI-1/良好/KN2459_COI-1_C2842.COI-1-bird-F.PW009170142.seq
1621,20200905,KN,COI-1,KN2928-20200828_COI-1_C2842.COI-1-bird-F.PW009170156.seq,bird_strike/20200905北京大兴机场64个样品结果/测序结果/COI-1/良好/KN2928-20200828_COI-1_C2842.COI-1-bird-F.PW009170156.seq
1622,20200905,NS,COI-1,NS8040_COI-1_C2842.COI-1-bird-F.PW009170139.seq,bird_strike/20200905北京大兴机场64个样品结果/测序结果/COI-1/良好/NS8040_COI-1_C2842.COI-1-bird-F.PW009170139.seq
1623,20200905,MU,COI-1,MU5707-yumao_COI-1_C2842.COI-1-bird-F.PW009170124.seq,bird_strike/20200905北京大兴机场64个样品结果/测序结果/COI-1/良好/MU5707-yumao_COI-1_C2842.COI-1-bird-F.PW009170124.seq
1624,20200905,KN,COI-1,KN2932-20200903_COI-1_C2842.COI-1-bird-F.PW009170148.seq,bird_strike/20200905北京大兴机场64个样品结果/测序结果/COI-1/良好/KN2932-20200903_COI-1_C2842.COI-1-bird-F.PW009170148.seq
1625,20200905,CZ,COI-1,CZ3815-20200901_COI-1_C2842.COI-1-bird-F.PW009170151.seq,bird_strike/20200905北京大兴机场64个样品结果/测序结果/COI-1/良好/CZ3815-20200901_COI-1_C2842.COI-1-bird-F.PW009170151.seq
1626,20200905,KN,COI-1,KN2932-20200902_COI-1_C2842.COI-1-bird-F.PW009170140.seq,bird_strike/20200905北京大兴机场64个样品结果/测序结果/COI-1/良好/KN2932-20200902_COI-1_C2842.COI-1-bird-F.PW009170140.seq
1627,20200905,CZ,COI-1,CZ3184-20200902_COI-1_C2842.COI-1-bird-F.PW009170153.seq,bird_strike/20200905北京大兴机场64个样品结果/测序结果/COI-1/良好/CZ3184-20200902_COI-1_C2842.COI-1-bird-F.PW009170153.seq
1628,20200905,KN,COI-1,KN5812_COI-1_C2842.COI-1-bird-F.PW009170113.seq,bird_strike/20200905北京大兴机场64个样品结果/测序结果/COI-1/良好/KN5812_COI-1_C2842.COI-1-bird-F.PW009170113.seq
1629,20200905,CZ,COI-1,CZ3815-20200904_COI-1_C2842.COI-1-bird-F.PW009170106.seq,bird_strike/20200905北京大兴机场64个样品结果/测序结果/COI-1/良好/CZ3815-20200904_COI-1_C2842.COI-1-bird-F.PW009170106.seq
1808,20190614,3,ND2,3_ND2_C1996s.L5219.PW912041316.seq,bird_strike/20190614珠港机场加急样品结果/测序结果C1996S/3_ND2_C1996s.L5219.PW912041316.seq
1830,20190918,4,cytb,4_L14995-H16065_C1728.L14995.PW909230492.seq,bird_strike/20190918萧山机场12个样品+珠港机场2个样品/测序结果/cytb/特殊结构/4_L14995-H16065_C1728.L14995.PW909230492.seq
1838,20200608,KN,cytb,KN8002_L14995-H16065_C2400-2.L14995.PW006180313.seq,bird_strike/20200608北京大兴机场5个样品结果/测序结果/cytb/KN8002_L14995-H16065_C2400-2.L14995.PW006180313.seq
1839,20200608,OQ,cytb,OQ2301_L14995-H16065_C2400-2.L14995.PW006160384.seq,bird_strike/20200608北京大兴机场5个样品结果/测序结果/cytb/OQ2301_L14995-H16065_C2400-2.L14995.PW006160384.seq
1840,20200608,CE,cytb,CE3147_L14995-H16065_C2400-2.L14995.PW006180302.seq,bird_strike/20200608北京大兴机场5个样品结果/测序结果/cytb/CE3147_L14995-H16065_C2400-2.L14995.PW006180302.seq
1841,20200608,CA,cytb,CA8322_L14995-H16065_C2400-2.L14995.PW006160380.seq,bird_strike/20200608北京大兴机场5个样品结果/测序结果/cytb/CA8322_L14995-H16065_C2400-2.L14995.PW006160380.seq
1842,20200608,KN,COI-1,KN8002_COI-1_C2400-2.COI-1-bird-F.PW006160377.seq,bird_strike/20200608北京大兴机场5个样品结果/测序结果/COI/KN8002_COI-1_C2400-2.COI-1-bird-F.PW006160377.seq
1861,20200910,CZ,cytb,CZ8816_L14995-H16065_C2843.L14995.PW009170301.seq,bird_strike/20200910北京大兴机场48个&常州机场2个样品结果/测序结果/cytb/良好/CZ8816_L14995-H16065_C2843.L14995.PW009170301.seq
1862,20200910,CZ,cytb,CZ6103_L14995-H16065_C2843.L14995.PW009170295.seq,bird_strike/20200910北京大兴机场48个&常州机场2个样品结果/测序结果/cytb/良好/CZ6103_L14995-H16065_C2843.L14995.PW009170295.seq
1863,20200910,KN,cytb,KN5887_L14995-H16065_C2843.L14995.PW009180912.seq,bird_strike/20200910北京大兴机场48个&常州机场2个样品结果/测序结果/cytb/良好/KN5887_L14995-H16065_C2843.L14995.PW009180912.seq
1864,20200910,KN,cytb,KN5830_L14995-H16065_C2843.L14995.PW009170303.seq,bird_strike/20200910北京大兴机场48个&常州机场2个样品结果/测序结果/cytb/良好/KN5830_L14995-H16065_C2843.L14995.PW009170303.seq
1865,20200910,MU,cytb,MU2455-1_L14995-H16065_C2843.L14995.PW009170279.seq,bird_strike/20200910北京大兴机场48个&常州机场2个样品结果/测序结果/cytb/良好/MU2455-1_L14995-H16065_C2843.L14995.PW009170279.seq
1866,20200910,MU,cytb,MU5293_L14995-H16065_C2843.L14995.PW009170289.seq,bird_strike/20200910北京大兴机场48个&常州机场2个样品结果/测序结果/cytb/良好/MU5293_L14995-H16065_C2843.L14995.PW009170289.seq
1867,20200910,MU,cytb,MU7732_L14995-H16065_C2843.L14995.PW009170297.seq,bird_strike/20200910北京大兴机场48个&常州机场2个样品结果/测序结果/cytb/良好/MU7732_L14995-H16065_C2843.L14995.PW009170297.seq
1868,20200910,KN,cytb,KN5622_L14995-H16065_C2843.L14995.PW009170311.seq,bird_strike/20200910北京大兴机场48个&常州机场2个样品结果/测序结果/cytb/良好/KN5622_L14995-H16065_C2843.L14995.PW009170311.seq
1869,20200910,MU,cytb,MU9628_L14995-H16065_C2843.L14995.PW009170293.seq,bird_strike/20200910北京大兴机场48个&常州机场2个样品结果/测序结果/cytb/良好/MU9628_L14995-H16065_C2843.L14995.PW009170293.seq
1870,20200910,CA,cytb,CA1460_L14995-H16065_C2843.L14995.PW009170271.seq,bird_strike/20200910北京大兴机场48个&常州机场2个样品结果/测序结果/cytb/良好/CA1460_L14995-H16065_C2843.L14995.PW009170271.seq
1871,20200910,CZ,cytb,CZ3287-20200905-2_L14995-H16065_C2843.L14995.PW009170312.seq,bird_strike/20200910北京大兴机场48个&常州机场2个样品结果/测序结果/cytb/良好/CZ3287-20200905-2_L14995-H16065_C2843.L14995.PW009170312.seq
1872,20200910,MF,cytb,MF8127_L14995-H16065_C2843.L14995.PW009170299.seq,bird_strike/20200910北京大兴机场48个&常州机场2个样品结果/测序结果/cytb/良好/MF8127_L14995-H16065_C2843.L14995.PW009170299.seq
1873,20200910,KN,cytb,KN5932-1_L14995-H16065_C2843.L14995.PW009170296.seq,bird_strike/20200910北京大兴机场48个&常州机场2个样品结果/测序结果/cytb/良好/KN5932-1_L14995-H16065_C2843.L14995.PW009170296.seq
1874,20200910,KN,cytb,KN5626_L14995-H16065_C2843.L14995.PW009170286.seq,bird_strike/20200910北京大兴机场48个&常州机场2个样品结果/测序结果/cytb/良好/KN5626_L14995-H16065_C2843.L14995.PW009170286.seq
1875,20200910,KN,cytb,KN2922_L14995-H16065_C2843.L14995.PW009170305.seq,bird_strike/20200910北京大兴机场48个&常州机场2个样品结果/测序结果/cytb/良好/KN2922_L14995-H16065_C2843.L14995.PW009170305.seq
1876,20200910,MU,cytb,MU2411_L14995-H16065_C2843.L14995.PW009170277.seq,bird_strike/20200910北京大兴机场48个&常州机场2个样品结果/测序结果/cytb/良好/MU2411_L14995-H16065_C2843.L14995.PW009170277.seq
1877,20200910,MU,cytb,MU2455-2_L14995-H16065_C2843.L14995.PW009170285.seq,bird_strike/20200910北京大兴机场48个&常州机场2个样品结果/测序结果/cytb/良好/MU2455-2_L14995-H16065_C2843.L14995.PW009170285.seq
1878,20200910,KN,cytb,KN5776_L14995-H16065_C2843.L14995.PW009170298.seq,bird_strike/20200910北京大兴机场48个&常州机场2个样品结果/测序结果/cytb/良好/KN5776_L14995-H16065_C2843.L14995.PW009170298.seq
1879,20200910,KN,cytb,KN5770_L14995-H16065_C2843.L14995.PW009170291.seq,bird_strike/20200910北京大兴机场48个&常州机场2个样品结果/测序结果/cytb/良好/KN5770_L14995-H16065_C2843.L14995.PW009170291.seq
1880,20200910,KN,cytb,KN5228_L14995-H16065_C2843.L14995.PW009170274.seq,bird_strike/20200910北京大兴机场48个&常州机场2个样品结果/测序结果/cytb/良好/KN5228_L14995-H16065_C2843.L14995.PW009170274.seq
1881,20200910,KN,cytb,KN5732_L14995-H16065_C2843.L14995.PW009170313.seq,bird_strike/20200910北京大兴机场48个&常州机场2个样品结果/测序结果/cytb/良好/KN5732_L14995-H16065_C2843.L14995.PW009170313.seq
1882,20200910,CZ,cytb,CZ6164_L14995-H16065_C2843.L14995.PW009170308.seq,bird_strike/20200910北京大兴机场48个&常州机场2个样品结果/测序结果/cytb/良好/CZ6164_L14995-H16065_C2843.L14995.PW009170308.seq
1883,20200910,CZ,cytb,CZ3287-20200905-1_L14995-H16065_C2843.L14995.PW009170304.seq,bird_strike/20200910北京大兴机场48个&常州机场2个样品结果/测序结果/cytb/良好/CZ3287-20200905-1_L14995-H16065_C2843.L14995.PW009170304.seq
1884,20200910,KN,cytb,KN5916-20200905_L14995-H16065_C2843.L14995.PW009170309.seq,bird_strike/20200910北京大兴机场48个&常州机场2个样品结果/测序结果/cytb/双峰/KN5916-20200905_L14995-H16065_C2843.L14995.PW009170309.seq
1885,20200910,FM,cytb,FM9405_L14995-H16065_C2843.L14995.PW009170300.seq,bird_strike/20200910北京大兴机场48个&常州机场2个样品结果/测序结果/cytb/双峰/FM9405_L14995-H16065_C2843.L14995.PW009170300.seq
1886,20200910,MU,cytb,MU9707_L14995-H16065_C2843.L14995.PW009170292.seq,bird_strike/20200910北京大兴机场48个&常州机场2个样品结果/测序结果/cytb/双峰/MU9707_L14995-H16065_C2843.L14995.PW009170292.seq
1887,20200910,KN,cytb,KN5916-20200906_L14995-H16065_C2843.L14995.PW009170310.seq,bird_strike/20200910北京大兴机场48个&常州机场2个样品结果/测序结果/cytb/双峰/KN5916-20200906_L14995-H16065_C2843.L14995.PW009170310.seq
1888,20200910,MF,cytb,MF8832_L14995-H16065_C2843.L14995.PW009170302.seq,bird_strike/20200910北京大兴机场48个&常州机场2个样品结果/测序结果/cytb/双峰/MF8832_L14995-H16065_C2843.L14995.PW009170302.seq
1889,20200910,KN,cytb,KN5836_L14995-H16065_C2843.L14995.PW009170284.seq,bird_strike/20200910北京大兴机场48个&常州机场2个样品结果/测序结果/cytb/双峰/KN5836_L14995-H16065_C2843.L14995.PW009170284.seq
1890,20200910,MU,cytb,MU5175_L14995-H16065_C2843.L14995.PW009170290.seq,bird_strike/20200910北京大兴机场48个&常州机场2个样品结果/测序结果/cytb/双峰/MU5175_L14995-H16065_C2843.L14995.PW009170290.seq
1891,20200910,MF,cytb,MF8208_L14995-H16065_C2843.L14995.PW009170275.seq,bird_strike/20200910北京大兴机场48个&常州机场2个样品结果/测序结果/cytb/双峰/MF8208_L14995-H16065_C2843.L14995.PW009170275.seq
1892,20200910,MU,COI-1,MU2455-1_COI-1_C2843.COI-1-bird-F.PW009170235.seq,bird_strike/20200910北京大兴机场48个&常州机场2个样品结果/测序结果/COI-1/良好/MU2455-1_COI-1_C2843.COI-1-bird-F.PW009170235.seq
1893,20200910,KN,COI-1,KN5830_COI-1_C2843.COI-1-bird-F.PW009170259.seq,bird_strike/20200910北京大兴机场48个&常州机场2个样品结果/测序结果/COI-1/良好/KN5830_COI-1_C2843.COI-1-bird-F.PW009170259.seq
1894,20200910,CZ,COI-1,CZ6164_COI-1_C2843.COI-1-bird-F.PW009170264.seq,bird_strike/20200910北京大兴机场48个&常州机场2个样品结果/测序结果/COI-1/良好/CZ6164_COI-1_C2843.COI-1-bird-F.PW009170264.seq
1895,20200910,MF,COI-1,MF8208_COI-1_C2843.COI-1-bird-F.PW009170232.seq,bird_strike/20200910北京大兴机场48个&常州机场2个样品结果/测序结果/COI-1/良好/MF8208_COI-1_C2843.COI-1-bird-F.PW009170232.seq
1896,20200910,CZ,COI-1,CZ8816_COI-1_C2843.COI-1-bird-F.PW009170257.seq,bird_strike/20200910北京大兴机场48个&常州机场2个样品结果/测序结果/COI-1/良好/CZ8816_COI-1_C2843.COI-1-bird-F.PW009170257.seq
1897,20200910,CZ,COI-1,CZ3287-20200905-1_COI-1_C2843.COI-1-bird-F.PW009170260.seq,bird_strike/20200910北京大兴机场48个&常州机场2个样品结果/测序结果/COI-1/良好/CZ3287-20200905-1_COI-1_C2843.COI-1-bird-F.PW009170260.seq
1898,20200910,KN,COI-1,KN5228_COI-1_C2843.COI-1-bird-F.PW009170231.seq,bird_strike/20200910北京大兴机场48个&常州机场2个样品结果/测序结果/COI-1/良好/KN5228_COI-1_C2843.COI-1-bird-F.PW009170231.seq
1899,20200910,KN,COI-1,KN5622_COI-1_C2843.COI-1-bird-F.PW009170267.seq,bird_strike/20200910北京大兴机场48个&常州机场2个样品结果/测序结果/COI-1/良好/KN5622_COI-1_C2843.COI-1-bird-F.PW009170267.seq
1900,20200910,CZ,COI-1,CZ6719_COI-1_C2843.COI-1-bird-F.PW009170234.seq,bird_strike/20200910北京大兴机场48个&常州机场2个样品结果/测序结果/COI-1/良好/CZ6719_COI-1_C2843.COI-1-bird-F.PW009170234.seq
1901,20200910,KN,COI-1,KN5626_COI-1_C2843.COI-1-bird-F.PW009170242.seq,bird_strike/20200910北京大兴机场48个&常州机场2个样品结果/测序结果/COI-1/良好/KN5626_COI-1_C2843.COI-1-bird-F.PW009170242.seq
1902,20200910,NS,COI-1,NS8004_COI-1_C2843.COI-1-bird-F.PW009170250.seq,bird_strike/20200910北京大兴机场48个&常州机场2个样品结果/测序结果/COI-1/良好/NS8004_COI-1_C2843.COI-1-bird-F.PW009170250.seq
1903,20200910,KN,COI-1,KN5770_COI-1_C2843.COI-1-bird-F.PW009170247.seq,bird_strike/20200910北京大兴机场48个&常州机场2个样品结果/测序结果/COI-1/良好/KN5770_COI-1_C2843.COI-1-bird-F.PW009170247.seq
1904,20200910,CZ,COI-1,CZ3725_COI-1_C2843.COI-1-bird-F.PW009170230.seq,bird_strike/20200910北京大兴机场48个&常州机场2个样品结果/测序结果/COI-1/良好/CZ3725_COI-1_C2843.COI-1-bird-F.PW009170230.seq
1905,20200910,CZ,COI-1,CZ3287-20200905-2_COI-1_C2843.COI-1-bird-F.PW009170268.seq,bird_strike/20200910北京大兴机场48个&常州机场2个样品结果/测序结果/COI-1/良好/CZ3287-20200905-2_COI-1_C2843.COI-1-bird-F.PW009170268.seq
1906,20200910,MU,COI-1,MU5175_COI-1_C2843.COI-1-bird-F.PW009170246.seq,bird_strike/20200910北京大兴机场48个&常州机场2个样品结果/测序结果/COI-1/良好/MU5175_COI-1_C2843.COI-1-bird-F.PW009170246.seq
1907,20200910,MU,COI-1,MU2455-2_COI-1_C2843.COI-1-bird-F.PW009170241.seq,bird_strike/20200910北京大兴机场48个&常州机场2个样品结果/测序结果/COI-1/良好/MU2455-2_COI-1_C2843.COI-1-bird-F.PW009170241.seq
1908,20200910,KN,COI-1,KN2922_COI-1_C2843.COI-1-bird-F.PW009170261.seq,bird_strike/20200910北京大兴机场48个&常州机场2个样品结果/测序结果/COI-1/良好/KN2922_COI-1_C2843.COI-1-bird-F.PW009170261.seq
1909,20200910,CA,COI-1,CA1460_COI-1_C2843.COI-1-bird-F.PW009170228.seq,bird_strike/20200910北京大兴机场48个&常州机场2个样品结果/测序结果/COI-1/良好/CA1460_COI-1_C2843.COI-1-bird-F.PW009170228.seq
1910,20200910,KN,COI-1,KN5887_COI-1_C2843.COI-1-bird-F.PW009170237.seq,bird_strike/20200910北京大兴机场48个&常州机场2个样品结果/测序结果/COI-1/良好/KN5887_COI-1_C2843.COI-1-bird-F.PW009170237.seq
1911,20200910,KN,COI-1,KN5656_COI-1_C2843.COI-1-bird-F.PW009170263.seq,bird_strike/20200910北京大兴机场48个&常州机场2个样品结果/测序结果/COI-1/良好/KN5656_COI-1_C2843.COI-1-bird-F.PW009170263.seq
1912,20200910,MU,COI-1,MU9628_COI-1_C2843.COI-1-bird-F.PW009170249.seq,bird_strike/20200910北京大兴机场48个&常州机场2个样品结果/测序结果/COI-1/双峰/MU9628_COI-1_C2843.COI-1-bird-F.PW009170249.seq
1913,20200910,MF,COI-1,MF8832_COI-1_C2843.COI-1-bird-F.PW009170258.seq,bird_strike/20200910北京大兴机场48个&常州机场2个样品结果/测序结果/COI-1/双峰/MF8832_COI-1_C2843.COI-1-bird-F.PW009170258.seq
1922,20190624,03,Vercytb,03_Vercytb_C1477.P2572.PW906281459.seq,bird_strike/20190624武汉机场加急样品结果/测序结果/cytb/03_Vercytb_C1477.P2572.PW906281459.seq
1923,20190624,03,COI-2,03_COI-2_C1477.P2570.PW906281460.seq,bird_strike/20190624武汉机场加急样品结果/测序结果/COI/03_COI-2_C1477.P2570.PW906281460.seq
2033,20210324,KN,COI-1,KN5902_COI-1_C3511.COI-1-bird-F.W103240404.seq,bird_strike/20210324萧山机场1个&北京大兴机场16个样品检测结果/测序结果/COI-1/KN5902_COI-1_C3511.COI-1-bird-F.W103240404.seq
2034,20210324,KN,COI-1,KN5922_COI-1_C3511.COI-1-bird-F.W103240422.seq,bird_strike/20210324萧山机场1个&北京大兴机场16个样品检测结果/测序结果/COI-1/KN5922_COI-1_C3511.COI-1-bird-F.W103240422.seq
2035,20210324,CZ,COI-1,CZ6143_COI-1_C3511.COI-1-bird-F.W103240409.seq,bird_strike/20210324萧山机场1个&北京大兴机场16个样品检测结果/测序结果/COI-1/CZ6143_COI-1_C3511.COI-1-bird-F.W103240409.seq
2036,20210324,KN,COI-1,KN2968_COI-1_C3511.COI-1-bird-F.W103240426.seq,bird_strike/20210324萧山机场1个&北京大兴机场16个样品检测结果/测序结果/COI-1/KN2968_COI-1_C3511.COI-1-bird-F.W103240426.seq
2037,20210324,CZ,COI-1,CZ6213_COI-1_C3511.COI-1-bird-F.W103240430.seq,bird_strike/20210324萧山机场1个&北京大兴机场16个样品检测结果/测序结果/COI-1/CZ6213_COI-1_C3511.COI-1-bird-F.W103240430.seq
2038,20210324,CZ,COI-1,CZ3685_COI-1_C3511.COI-1-bird-F.W103240410.seq,bird_strike/20210324萧山机场1个&北京大兴机场16个样品检测结果/测序结果/COI-1/CZ3685_COI-1_C3511.COI-1-bird-F.W103240410.seq
2039,20210324,CZ,COI-1,CZ6601_COI-1_C3511.COI-1-bird-F.W103240396.seq,bird_strike/20210324萧山机场1个&北京大兴机场16个样品检测结果/测序结果/COI-1/CZ6601_COI-1_C3511.COI-1-bird-F.W103240396.seq
2040,20210324,MV,COI-1,MV2451_COI-1_C3511.COI-1-bird-F.W103240429.seq,bird_strike/20210324萧山机场1个&北京大兴机场16个样品检测结果/测序结果/COI-1/MV2451_COI-1_C3511.COI-1-bird-F.W103240429.seq
2041,20210324,CA,COI-1,CA1456_COI-1_C3511.COI-1-bird-F.W103240421.seq,bird_strike/20210324萧山机场1个&北京大兴机场16个样品检测结果/测序结果/COI-1/CA1456_COI-1_C3511.COI-1-bird-F.W103240421.seq
2042,20210324,CZ,COI-1,CZ6136_COI-1_C3511.COI-1-bird-F.W103240417.seq,bird_strike/20210324萧山机场1个&北京大兴机场16个样品检测结果/测序结果/COI-1/CZ6136_COI-1_C3511.COI-1-bird-F.W103240417.seq
2043,20210324,MU,COI-1,MU2130_COI-1_C3511.COI-1-bird-F.W103240413.seq,bird_strike/20210324萧山机场1个&北京大兴机场16个样品检测结果/测序结果/COI-1/MU2130_COI-1_C3511.COI-1-bird-F.W103240413.seq
2044,20210324,CZ,COI-1,CZ8888_COI-1_C3511.COI-1-bird-F.W103240414.seq,bird_strike/20210324萧山机场1个&北京大兴机场16个样品检测结果/测序结果/COI-1/CZ8888_COI-1_C3511.COI-1-bird-F.W103240414.seq
2046,20210324,KN,cytb,KN2968_L14995-H16065_C3511.L14995.W103240428.seq,bird_strike/20210324萧山机场1个&北京大兴机场16个样品检测结果/测序结果/Cytb/KN2968_L14995-H16065_C3511.L14995.W103240428.seq
2047,20210324,KN,cytb,KN5902_L14995-H16065_C3511.L14995.W103240406.seq,bird_strike/20210324萧山机场1个&北京大兴机场16个样品检测结果/测序结果/Cytb/KN5902_L14995-H16065_C3511.L14995.W103240406.seq
2048,20210324,CZ,cytb,CZ6143_L14995-H16065_C3511.L14995.W103240411.seq,bird_strike/20210324萧山机场1个&北京大兴机场16个样品检测结果/测序结果/Cytb/CZ6143_L14995-H16065_C3511.L14995.W103240411.seq
2049,20210324,CZ,cytb,CZ6213_L14995-H16065_C3511.L14995.W103240432.seq,bird_strike/20210324萧山机场1个&北京大兴机场16个样品检测结果/测序结果/Cytb/CZ6213_L14995-H16065_C3511.L14995.W103240432.seq
2050,20210324,CZ,cytb,CZ8828_L14995-H16065_C3511.L14995.W103240420.seq,bird_strike/20210324萧山机场1个&北京大兴机场16个样品检测结果/测序结果/Cytb/CZ8828_L14995-H16065_C3511.L14995.W103240420.seq
2051,20210324,CZ,cytb,CZ8888_L14995-H16065_C3511.L14995.W103240416.seq,bird_strike/20210324萧山机场1个&北京大兴机场16个样品检测结果/测序结果/Cytb/CZ8888_L14995-H16065_C3511.L14995.W103240416.seq
2052,20210324,CZ,cytb,CZ3685_L14995-H16065_C3511.L14995.W103240412.seq,bird_strike/20210324萧山机场1个&北京大兴机场16个样品检测结果/测序结果/Cytb/CZ3685_L14995-H16065_C3511.L14995.W103240412.seq
2053,20210324,CZ,cytb,CZ6601_L14995-H16065_C3511.L14995.W103240399.seq,bird_strike/20210324萧山机场1个&北京大兴机场16个样品检测结果/测序结果/Cytb/CZ6601_L14995-H16065_C3511.L14995.W103240399.seq
2054,20210324,CZ,cytb,CZ8934_L14995-H16065_C3511.L14995.W103240405.seq,bird_strike/20210324萧山机场1个&北京大兴机场16个样品检测结果/测序结果/Cytb/CZ8934_L14995-H16065_C3511.L14995.W103240405.seq
2055,20210324,MU,cytb,MU2130_L14995-H16065_C3511.L14995.W103240415.seq,bird_strike/20210324萧山机场1个&北京大兴机场16个样品检测结果/测序结果/Cytb/MU2130_L14995-H16065_C3511.L14995.W103240415.seq
2056,20210324,KN,cytb,KN5922_L14995-H16065_C3511.L14995.W103240424.seq,bird_strike/20210324萧山机场1个&北京大兴机场16个样品检测结果/测序结果/Cytb/KN5922_L14995-H16065_C3511.L14995.W103240424.seq
2057,20210324,MU,cytb,MU5713_L14995-H16065_C3511.L14995.W103240400.seq,bird_strike/20210324萧山机场1个&北京大兴机场16个样品检测结果/测序结果/Cytb/MU5713_L14995-H16065_C3511.L14995.W103240400.seq
2059,20210324,CZ,cytb,CZ6136_L14995-H16065_C3511.L14995.W103240419.seq,bird_strike/20210324萧山机场1个&北京大兴机场16个样品检测结果/测序结果/Cytb/CZ6136_L14995-H16065_C3511.L14995.W103240419.seq
2060,20210324,KN,cytb,KN5918_L14995-H16065_C3511.L14995.W103240427.seq,bird_strike/20210324萧山机场1个&北京大兴机场16个样品检测结果/测序结果/Cytb/KN5918_L14995-H16065_C3511.L14995.W103240427.seq
2061,20210324,MV,cytb,MV2451_L14995-H16065_C3511.L14995.W103240431.seq,bird_strike/20210324萧山机场1个&北京大兴机场16个样品检测结果/测序结果/Cytb/MV2451_L14995-H16065_C3511.L14995.W103240431.seq
2062,20190826,2019-8-22-06,ND2,2019-8-22-06_ND2_C1655.L5219.PW908291513.seq,bird_strike/20190826武汉机场1个加急样品/测序结果/良好/2019-8-22-06_ND2_C1655.L5219.PW908291513.seq
2063,20190826,2019-8-22-06,COI-2,2019-8-22-06_COI-2_C1655.COI-2-F.PW908291511.seq,bird_strike/20190826武汉机场1个加急样品/测序结果/良好/2019-8-22-06_COI-2_C1655.COI-2-F.PW908291511.seq
2064,20190826,2019-8-22-06,cytb,2019-8-22-06_L14995-H16065_C1655.L14995.PW908291515.seq,bird_strike/20190826武汉机场1个加急样品/测序结果/双峰/2019-8-22-06_L14995-H16065_C1655.L14995.PW908291515.seq
2065,20190826,2019-8-22-06,Vercytb,2019-8-22-06_Vercytb_C1655.Vercytb-F.PW908291512.seq,bird_strike/20190826武汉机场1个加急样品/测序结果/双峰/2019-8-22-06_Vercytb_C1655.Vercytb-F.PW908291512.seq
2072,20200728,ZSNT.,COI-1,ZSNT-2020-1-C02-1-C2676.COI-1-bird-F.PY008082543.seq,bird_strike/20200728&0729&0730重庆机场2个&萧山机场3个&南通机场1个样品结果/测序结果/COI/双峰/ZSNT-2020-1-C02-1-C2676.COI-1-bird-F.PY008082543.seq
2075,20200728,zuck,cytb,zuck2020003_L14995-H16065_C2676.L14995.PW008060831.seq,bird_strike/20200728&0729&0730重庆机场2个&萧山机场3个&南通机场1个样品结果/测序结果/Cytb/zuck2020003_L14995-H16065_C2676.L14995.PW008060831.seq
2077,20200728,zuck,cytb,zuck2020002_L14995-H16065_C2676.L14995.PW008071192.seq,bird_strike/20200728&0729&0730重庆机场2个&萧山机场3个&南通机场1个样品结果/测序结果/Cytb/zuck2020002_L14995-H16065_C2676.L14995.PW008071192.seq
2096,20201231,07_A,COI-1,07_A07.ZBAD2020-477_COI-1_C3265.COI-1-bird-F.W101061816.seq,bird_strike/20201231北京大兴机场15个样品检测结果/测序结果/COI-1/07_A07.ZBAD2020-477_COI-1_C3265.COI-1-bird-F.W101061816.seq
2097,20201231,06_H,COI-1,06_H06.ZBAD2020-476_COI-1_C3265.COI-1-bird-F.W101061808.seq,bird_strike/20201231北京大兴机场15个样品检测结果/测序结果/COI-1/06_H06.ZBAD2020-476_COI-1_C3265.COI-1-bird-F.W101061808.seq
2098,20201231,07_H,COI-1,07_H07.ZBAD2020-484_COI-1_C3265.COI-1-bird-F.W101061809.seq,bird_strike/20201231北京大兴机场15个样品检测结果/测序结果/COI-1/07_H07.ZBAD2020-484_COI-1_C3265.COI-1-bird-F.W101061809.seq
2099,20201231,06_D,COI-1,06_D06.ZBAD2020-472_COI-1_C3265.COI-1-bird-F.W101061772.seq,bird_strike/20201231北京大兴机场15个样品检测结果/测序结果/COI-1/06_D06.ZBAD2020-472_COI-1_C3265.COI-1-bird-F.W101061772.seq
2100,20201231,06_G,COI-1,06_G06.ZBAD2020-475_COI-1_C3265.COI-1-bird-F.W101061799.seq,bird_strike/20201231北京大兴机场15个样品检测结果/测序结果/COI-1/06_G06.ZBAD2020-475_COI-1_C3265.COI-1-bird-F.W101061799.seq
2101,20201231,07_B,COI-1,07_B07.ZBAD2020-478_COI-1_C3265.COI-1-bird-F.W101061823.seq,bird_strike/20201231北京大兴机场15个样品检测结果/测序结果/COI-1/07_B07.ZBAD2020-478_COI-1_C3265.COI-1-bird-F.W101061823.seq
2102,20201231,07_E,COI-1,07_E07.ZBAD2020-481_COI-1_C3265.COI-1-bird-F.W101061782.seq,bird_strike/20201231北京大兴机场15个样品检测结果/测序结果/COI-1/07_E07.ZBAD2020-481_COI-1_C3265.COI-1-bird-F.W101061782.seq
2103,20201231,07_F,COI-1,07_F07.ZBAD2020-482_COI-1_C3265.COI-1-bird-F.W101061791.seq,bird_strike/20201231北京大兴机场15个样品检测结果/测序结果/COI-1/07_F07.ZBAD2020-482_COI-1_C3265.COI-1-bird-F.W101061791.seq
2104,20201231,07_G,COI-1,07_G07.ZBAD2020-483_COI-1_C3265.COI-1-bird-F.W101061800.seq,bird_strike/20201231北京大兴机场15个样品检测结果/测序结果/COI-1/07_G07.ZBAD2020-483_COI-1_C3265.COI-1-bird-F.W101061800.seq
2105,20201231,06_C,COI-1,06_C06.ZBAD2020-471_COI-1_C3265.COI-1-bird-F.W101061763.seq,bird_strike/20201231北京大兴机场15个样品检测结果/测序结果/COI-1/06_C06.ZBAD2020-471_COI-1_C3265.COI-1-bird-F.W101061763.seq
2106,20201231,06_F,COI-1,06_F06.ZBAD2020-474_COI-1_C3265.COI-1-bird-F.W101061790.seq,bird_strike/20201231北京大兴机场15个样品检测结果/测序结果/COI-1/06_F06.ZBAD2020-474_COI-1_C3265.COI-1-bird-F.W101061790.seq
2107,20201231,08_A,COI-1,08_A08.ZBAD2020-485_COI-1_C3265.COI-1-bird-F.W101061817.seq,bird_strike/20201231北京大兴机场15个样品检测结果/测序结果/COI-1/08_A08.ZBAD2020-485_COI-1_C3265.COI-1-bird-F.W101061817.seq
2108,20201231,06_E,COI-1,06_E06.ZBAD2020-473_COI-1_C3265.COI-1-bird-F.W101061781.seq,bird_strike/20201231北京大兴机场15个样品检测结果/测序结果/COI-1/06_E06.ZBAD2020-473_COI-1_C3265.COI-1-bird-F.W101061781.seq
2109,20201231,07_C,COI-1,07_C07.ZBAD2020-479_COI-1_C3265.COI-1-bird-F.W101061764.seq,bird_strike/20201231北京大兴机场15个样品检测结果/测序结果/COI-1/07_C07.ZBAD2020-479_COI-1_C3265.COI-1-bird-F.W101061764.seq
2110,20201231,07_D,COI-1,07_D07.ZBAD2020-480_COI-1_C3265.COI-1-bird-F.W101061773.seq,bird_strike/20201231北京大兴机场15个样品检测结果/测序结果/COI-1/07_D07.ZBAD2020-480_COI-1_C3265.COI-1-bird-F.W101061773.seq
2111,20201231,06_A,cytb,06_A06.ZBAD2020-484_L14995-H16065_C3265.L14995.W101061807.seq,bird_strike/20201231北京大兴机场15个样品检测结果/测序结果/Cytb/良好/06_A06.ZBAD2020-484_L14995-H16065_C3265.L14995.W101061807.seq
2112,20201231,05_B,cytb,05_B05.ZBAD2020-476_L14995-H16065_C3265.L14995.W101061806.seq,bird_strike/20201231北京大兴机场15个样品检测结果/测序结果/Cytb/良好/05_B05.ZBAD2020-476_L14995-H16065_C3265.L14995.W101061806.seq
2113,20201231,05_A,cytb,05_A05.ZBAD2020-475_L14995-H16065_C3265.L14995.W101061797.seq,bird_strike/20201231北京大兴机场15个样品检测结果/测序结果/Cytb/良好/05_A05.ZBAD2020-475_L14995-H16065_C3265.L14995.W101061797.seq
2114,20201231,05_D,cytb,05_D05.ZBAD2020-479_L14995-H16065_C3265.L14995.W101061762.seq,bird_strike/20201231北京大兴机场15个样品检测结果/测序结果/Cytb/良好/05_D05.ZBAD2020-479_L14995-H16065_C3265.L14995.W101061762.seq
2115,20201231,05_C,cytb,05_C05.ZBAD2020-478_L14995-H16065_C3265.L14995.W101061822.seq,bird_strike/20201231北京大兴机场15个样品检测结果/测序结果/Cytb/良好/05_C05.ZBAD2020-478_L14995-H16065_C3265.L14995.W101061822.seq
2116,20201231,04_E,cytb,04_E04.ZBAD2020-471_L14995-H16065_C3265.L14995.W101061761.seq,bird_strike/20201231北京大兴机场15个样品检测结果/测序结果/Cytb/良好/04_E04.ZBAD2020-471_L14995-H16065_C3265.L14995.W101061761.seq
2117,20201231,05_F,cytb,05_F05.ZBAD2020-481_L14995-H16065_C3265.L14995.W101061780.seq,bird_strike/20201231北京大兴机场15个样品检测结果/测序结果/Cytb/良好/05_F05.ZBAD2020-481_L14995-H16065_C3265.L14995.W101061780.seq
2118,20201231,05_E,cytb,05_E05.ZBAD2020-480_L14995-H16065_C3265.L14995.W101061771.seq,bird_strike/20201231北京大兴机场15个样品检测结果/测序结果/Cytb/良好/05_E05.ZBAD2020-480_L14995-H16065_C3265.L14995.W101061771.seq
2119,20201231,05_G,cytb,05_G05.ZBAD2020-482_L14995-H16065_C3265.L14995.W101061789.seq,bird_strike/20201231北京大兴机场15个样品检测结果/测序结果/Cytb/良好/05_G05.ZBAD2020-482_L14995-H16065_C3265.L14995.W101061789.seq
2120,20201231,04_F,cytb,04_F04.ZBAD2020-472_L14995-H16065_C3265.L14995.W101061770.seq,bird_strike/20201231北京大兴机场15个样品检测结果/测序结果/Cytb/良好/04_F04.ZBAD2020-472_L14995-H16065_C3265.L14995.W101061770.seq
2122,20201231,04_H,cytb,04_H04.ZBAD2020-474_L14995-H16065_C3265.L14995.W101061788.seq,bird_strike/20201231北京大兴机场15个样品检测结果/测序结果/Cytb/良好/04_H04.ZBAD2020-474_L14995-H16065_C3265.L14995.W101061788.seq
2123,20201231,05_H,cytb,05_H05.ZBAD2020-483_L14995-H16065_C3265.L14995.W101061798.seq,bird_strike/20201231北京大兴机场15个样品检测结果/测序结果/Cytb/良好/05_H05.ZBAD2020-483_L14995-H16065_C3265.L14995.W101061798.seq
2124,20201231,06_B,cytb,06_B06.ZBAD2020-485_L14995-H16065_C3265.L14995.W101061815.seq,bird_strike/20201231北京大兴机场15个样品检测结果/测序结果/Cytb/良好/06_B06.ZBAD2020-485_L14995-H16065_C3265.L14995.W101061815.seq
2125,20201231,04_G,cytb,04_G04.ZBAD2020-473_L14995-H16065_C3265.L14995.W101061779.seq,bird_strike/20201231北京大兴机场15个样品检测结果/测序结果/Cytb/双峰/04_G04.ZBAD2020-473_L14995-H16065_C3265.L14995.W101061779.seq
2318,20210403,20210407-0-001,COI-1,20210407-0-001_COI-1_C3571.COI-1-bird-F.W104130232.seq,bird_strike/20210403&0409南宁机场8个&北京大兴机场15个检测结果/测序结果/COI-1/良好/20210407-0-001_COI-1_C3571.COI-1-bird-F.W104130232.seq
2319,20210403,20210407-0-003,COI-1,20210407-0-003_COI-1_C3571.COI-1-bird-F.W104130244.seq,bird_strike/20210403&0409南宁机场8个&北京大兴机场15个检测结果/测序结果/COI-1/良好/20210407-0-003_COI-1_C3571.COI-1-bird-F.W104130244.seq
2321,20210403,20210407-0-005,COI-1,20210407-0-005_COI-1_C3571.COI-1-bird-F.W104130256.seq,bird_strike/20210403&0409南宁机场8个&北京大兴机场15个检测结果/测序结果/COI-1/良好/20210407-0-005_COI-1_C3571.COI-1-bird-F.W104130256.seq
2322,20210403,20210407-0-004,COI-1,20210407-0-004_COI-1_C3571.COI-1-bird-F.W104130250.seq,bird_strike/20210403&0409南宁机场8个&北京大兴机场15个检测结果/测序结果/COI-1/良好/20210407-0-004_COI-1_C3571.COI-1-bird-F.W104130250.seq
2331,20210403,20210407-0-007,COI-1,20210407-0-007_COI-1_C3571.COI-1-bird-F.W104130268.seq,bird_strike/20210403&0409南宁机场8个&北京大兴机场15个检测结果/测序结果/COI-1/良好/20210407-0-007_COI-1_C3571.COI-1-bird-F.W104130268.seq
2333,20210403,20210407-0-006,COI-1,20210407-0-006_COI-1_C3571.COI-1-bird-F.W104130262.seq,bird_strike/20210403&0409南宁机场8个&北京大兴机场15个检测结果/测序结果/COI-1/良好/20210407-0-006_COI-1_C3571.COI-1-bird-F.W104130262.seq
2336,20210403,20210407-0-002,COI-1,20210407-0-002_COI-1_C3571.COI-1-bird-F.W104130238.seq,bird_strike/20210403&0409南宁机场8个&北京大兴机场15个检测结果/测序结果/COI-1/双峰/20210407-0-002_COI-1_C3571.COI-1-bird-F.W104130238.seq
2347,20210403,20210407-0-006,cytb,20210407-0-006_L14995-H16065_C3571.L14995.W104130265.seq,bird_strike/20210403&0409南宁机场8个&北京大兴机场15个检测结果/测序结果/Cytb/良好/20210407-0-006_L14995-H16065_C3571.L14995.W104130265.seq
2350,20210403,20210407-0-008,cytb,20210407-0-008_L14995-H16065_C3571.L14995.W104130276.seq,bird_strike/20210403&0409南宁机场8个&北京大兴机场15个检测结果/测序结果/Cytb/良好/20210407-0-008_L14995-H16065_C3571.L14995.W104130276.seq
2351,20210403,20210407-0-004,cytb,20210407-0-004_L14995-H16065_C3571.L14995.W104130253.seq,bird_strike/20210403&0409南宁机场8个&北京大兴机场15个检测结果/测序结果/Cytb/良好/20210407-0-004_L14995-H16065_C3571.L14995.W104130253.seq
2352,20210403,20210407-0-007,cytb,20210407-0-007_L14995-H16065_C3571.L14995.W104130271.seq,bird_strike/20210403&0409南宁机场8个&北京大兴机场15个检测结果/测序结果/Cytb/良好/20210407-0-007_L14995-H16065_C3571.L14995.W104130271.seq
2353,20210403,20210407-0-003,cytb,20210407-0-003_L14995-H16065_C3571.L14995.W104130247.seq,bird_strike/20210403&0409南宁机场8个&北京大兴机场15个检测结果/测序结果/Cytb/良好/20210407-0-003_L14995-H16065_C3571.L14995.W104130247.seq
2354,20210403,20210407-0-002,cytb,20210407-0-002_L14995-H16065_C3571.L14995.W104140426.seq,bird_strike/20210403&0409南宁机场8个&北京大兴机场15个检测结果/测序结果/Cytb/良好/20210407-0-002_L14995-H16065_C3571.L14995.W104140426.seq
2355,20210403,20210407-0-001,cytb,20210407-0-001_L14995-H16065_C3571.L14995.W104130235.seq,bird_strike/20210403&0409南宁机场8个&北京大兴机场15个检测结果/测序结果/Cytb/良好/20210407-0-001_L14995-H16065_C3571.L14995.W104130235.seq
2414,20191113,SCX,ND2,SCX-2019-02_ND2_C1895-1.L5219.PW911180149.seq,bird_strike/20191113潮汕机场&黄花国际机场7个样品结果/黄花国际机场补测结果/SCX-2019-02_ND2_C1895-1.L5219.PW911180149.seq
2416,20191113,SCX,cytb,SCX-2019-05_L14995-H16065_C1895.L14995.PW911110436.seq,bird_strike/20191113潮汕机场&黄花国际机场7个样品结果/测序结果/cytb/良好3个/SCX-2019-05_L14995-H16065_C1895.L14995.PW911110436.seq
2417,20191113,SCX,cytb,SCX-2019-06_L14995-H16065_C1895.L14995.PW911110438.seq,bird_strike/20191113潮汕机场&黄花国际机场7个样品结果/测序结果/cytb/良好3个/SCX-2019-06_L14995-H16065_C1895.L14995.PW911110438.seq
2418,20191113,SCX,cytb,SCX-2019-03_L14995-H16065_C1895.L14995.PW911110432.seq,bird_strike/20191113潮汕机场&黄花国际机场7个样品结果/测序结果/cytb/良好3个/SCX-2019-03_L14995-H16065_C1895.L14995.PW911110432.seq
2421,20191113,SCX,COI-1,SCX-2019-05_COI-1_C1895.COI-1-bird-F.PW911110435.seq,bird_strike/20191113潮汕机场&黄花国际机场7个样品结果/测序结果/COI-1/良好4个/SCX-2019-05_COI-1_C1895.COI-1-bird-F.PW911110435.seq
2422,20191113,SCX,COI-1,SCX-2019-04_COI-1_C1895.COI-1-bird-F.PW911110433.seq,bird_strike/20191113潮汕机场&黄花国际机场7个样品结果/测序结果/COI-1/良好4个/SCX-2019-04_COI-1_C1895.COI-1-bird-F.PW911110433.seq
2489,20201012,20201012-0-02,ND2,20201012-0-02_ND2_C3062.L5219.W011130200.seq,bird_strike/20201012南宁机场8个样品结果/2个补测样本/测序结果/ND2/20201012-0-02_ND2_C3062.L5219.W011130200.seq
2490,20201012,20201012-0-07,cytb,20201012-0-07_L14995-H16065_C2938.L14995.PW010171147.seq,bird_strike/20201012南宁机场8个样品结果/测序结果/cytb/20201012-0-07_L14995-H16065_C2938.L14995.PW010171147.seq
2491,20201012,20201012-0-05,cytb,20201012-0-05_L14995-H16065_C2938.L14995.PW010171139.seq,bird_strike/20201012南宁机场8个样品结果/测序结果/cytb/20201012-0-05_L14995-H16065_C2938.L14995.PW010171139.seq
2492,20201012,20201012-0-08,cytb,20201012-0-08_L14995-H16065_C2938.L14995.PW010171150.seq,bird_strike/20201012南宁机场8个样品结果/测序结果/cytb/20201012-0-08_L14995-H16065_C2938.L14995.PW010171150.seq
2493,20201012,20201012-0-06,cytb,20201012-0-06_L14995-H16065_C2938.L14995.PW010171144.seq,bird_strike/20201012南宁机场8个样品结果/测序结果/cytb/20201012-0-06_L14995-H16065_C2938.L14995.PW010171144.seq
2494,20201012,20201012-0-04,cytb,20201012-0-04_L14995-H16065_C2938.L14995.PW010171135.seq,bird_strike/20201012南宁机场8个样品结果/测序结果/cytb/20201012-0-04_L14995-H16065_C2938.L14995.PW010171135.seq
2495,20201012,20201012-0-03,COI-1,20201012-0-03_COI-1_C2938.COI-1-bird-F.PW010171129.seq,bird_strike/20201012南宁机场8个样品结果/测序结果/COI-1/20201012-0-03_COI-1_C2938.COI-1-bird-F.PW010171129.seq
2496,20201012,20201012-0-08,COI-1,20201012-0-08_COI-1_C2938.COI-1-bird-F.PW010171148.seq,bird_strike/20201012南宁机场8个样品结果/测序结果/COI-1/20201012-0-08_COI-1_C2938.COI-1-bird-F.PW010171148.seq
2497,20201012,20201012-0-06,COI-1,20201012-0-06_COI-1_C2938.COI-1-bird-F.PW010171142.seq,bird_strike/20201012南宁机场8个样品结果/测序结果/COI-1/20201012-0-06_COI-1_C2938.COI-1-bird-F.PW010171142.seq
2498,20201012,20201012-0-07,COI-1,20201012-0-07_COI-1_C2938.COI-1-bird-F.PW010171145.seq,bird_strike/20201012南宁机场8个样品结果/测序结果/COI-1/20201012-0-07_COI-1_C2938.COI-1-bird-F.PW010171145.seq
2514,20200825,CZ,ND2,CZ6164_ND2_C2777-1.L5219.PW009070525.seq,bird_strike/20200825&0826萧山机场4个&北京大兴机场44个样品结果/3个样品补测结果/测序结果/ND2/良好/CZ6164_ND2_C2777-1.L5219.PW009070525.seq
2515,20200825,CZ,ND2,CZ6711_ND2_C2777-1.L5219.PW009070527.seq,bird_strike/20200825&0826萧山机场4个&北京大兴机场44个样品结果/3个样品补测结果/测序结果/ND2/双峰/CZ6711_ND2_C2777-1.L5219.PW009070527.seq
2516,20200825,CZ,Vercytb,CZ6711_Vercytb_C2777-1.Vercytb-F.PW009070528.seq,bird_strike/20200825&0826萧山机场4个&北京大兴机场44个样品结果/3个样品补测结果/测序结果/Vercytb/良好/CZ6711_Vercytb_C2777-1.Vercytb-F.PW009070528.seq
2517,20200825,CZ,Vercytb,CZ6164_Vercytb_C2777-1.Vercytb-F.PW009070526.seq,bird_strike/20200825&0826萧山机场4个&北京大兴机场44个样品结果/3个样品补测结果/测序结果/Vercytb/双峰/CZ6164_Vercytb_C2777-1.Vercytb-F.PW009070526.seq
2519,20200825,NS,COI-1,NS8010-2020-8-19_COI-1_C2777.COI-1-bird-F.PW009010530.seq,bird_strike/20200825&0826萧山机场4个&北京大兴机场44个样品结果/测序结果/COI-1/良好/NS8010-2020-8-19_COI-1_C2777.COI-1-bird-F.PW009010530.seq
2520,20200825,CZ,COI-1,CZ6125_COI-1_C2777.COI-1-bird-F.PW009010534.seq,bird_strike/20200825&0826萧山机场4个&北京大兴机场44个样品结果/测序结果/COI-1/良好/CZ6125_COI-1_C2777.COI-1-bird-F.PW009010534.seq
2522,20200825,KN,COI-1,KN5770_COI-1_C2777.COI-1-bird-F.PW009010509.seq,bird_strike/20200825&0826萧山机场4个&北京大兴机场44个样品结果/测序结果/COI-1/良好/KN5770_COI-1_C2777.COI-1-bird-F.PW009010509.seq
2523,20200825,CZ,COI-1,CZ6106_COI-1_C2777.COI-1-bird-F.PW009010510.seq,bird_strike/20200825&0826萧山机场4个&北京大兴机场44个样品结果/测序结果/COI-1/良好/CZ6106_COI-1_C2777.COI-1-bird-F.PW009010510.seq
2524,20200825,B,COI-1,B3621_COI-1_C2777.COI-1-bird-F.PW009010519.seq,bird_strike/20200825&0826萧山机场4个&北京大兴机场44个样品结果/测序结果/COI-1/良好/B3621_COI-1_C2777.COI-1-bird-F.PW009010519.seq
2526,20200825,CZ,COI-1,CZ6599_COI-1_C2777.COI-1-bird-F.PW009010535.seq,bird_strike/20200825&0826萧山机场4个&北京大兴机场44个样品结果/测序结果/COI-1/良好/CZ6599_COI-1_C2777.COI-1-bird-F.PW009010535.seq
2527,20200825,CZ,COI-1,CZ8886_COI-1_C2777.COI-1-bird-F.PW009010508.seq,bird_strike/20200825&0826萧山机场4个&北京大兴机场44个样品结果/测序结果/COI-1/良好/CZ8886_COI-1_C2777.COI-1-bird-F.PW009010508.seq
2528,20200825,KN,COI-1,KN5732-2020-6-10_COI-1_C2777.COI-1-bird-F.PW009010531.seq,bird_strike/20200825&0826萧山机场4个&北京大兴机场44个样品结果/测序结果/COI-1/良好/KN5732-2020-6-10_COI-1_C2777.COI-1-bird-F.PW009010531.seq
2529,20200825,NS,COI-1,NS8024_COI-1_C2777.COI-1-bird-F.PW009010522.seq,bird_strike/20200825&0826萧山机场4个&北京大兴机场44个样品结果/测序结果/COI-1/良好/NS8024_COI-1_C2777.COI-1-bird-F.PW009010522.seq
2530,20200825,KN,COI-1,KN2912-2020-8-18_COI-1_C2777.COI-1-bird-F.PW009010536.seq,bird_strike/20200825&0826萧山机场4个&北京大兴机场44个样品结果/测序结果/COI-1/良好/KN2912-2020-8-18_COI-1_C2777.COI-1-bird-F.PW009010536.seq
2531,20200825,KN,COI-1,KN5908_COI-1_C2777.COI-1-bird-F.PW009010553.seq,bird_strike/20200825&0826萧山机场4个&北京大兴机场44个样品结果/测序结果/COI-1/良好/KN5908_COI-1_C2777.COI-1-bird-F.PW009010553.seq
2532,20200825,2368,COI-1,2368_COI-1_C2777.COI-1-bird-F.PW009010532.seq,bird_strike/20200825&0826萧山机场4个&北京大兴机场44个样品结果/测序结果/COI-1/良好/2368_COI-1_C2777.COI-1-bird-F.PW009010532.seq
2533,20200825,KN,COI-1,KN2912_COI-1_C2777.COI-1-bird-F.PW009010528.seq,bird_strike/20200825&0826萧山机场4个&北京大兴机场44个样品结果/测序结果/COI-1/良好/KN2912_COI-1_C2777.COI-1-bird-F.PW009010528.seq
2534,20200825,MU,COI-1,MU5190_COI-1_C2777.COI-1-bird-F.PW009010550.seq,bird_strike/20200825&0826萧山机场4个&北京大兴机场44个样品结果/测序结果/COI-1/良好/MU5190_COI-1_C2777.COI-1-bird-F.PW009010550.seq
2535,20200825,NS,COI-1,NS8024-0205_COI-1_C2777.COI-1-bird-F.PW009010513.seq,bird_strike/20200825&0826萧山机场4个&北京大兴机场44个样品结果/测序结果/COI-1/良好/NS8024-0205_COI-1_C2777.COI-1-bird-F.PW009010513.seq
2536,20200825,NS,COI-1,NS8008_COI-1_C2777.COI-1-bird-F.PW009010507.seq,bird_strike/20200825&0826萧山机场4个&北京大兴机场44个样品结果/测序结果/COI-1/良好/NS8008_COI-1_C2777.COI-1-bird-F.PW009010507.seq
2537,20200825,OQ,COI-1,OQ2001_COI-1_C2777.COI-1-bird-F.PW009010540.seq,bird_strike/20200825&0826萧山机场4个&北京大兴机场44个样品结果/测序结果/COI-1/良好/OQ2001_COI-1_C2777.COI-1-bird-F.PW009010540.seq
2538,20200825,KN,COI-1,KN2968_COI-1_C2777.COI-1-bird-F.PW009010542.seq,bird_strike/20200825&0826萧山机场4个&北京大兴机场44个样品结果/测序结果/COI-1/双峰/KN2968_COI-1_C2777.COI-1-bird-F.PW009010542.seq
2539,20200825,MF,COI-1,MF8394_COI-1_C2777.COI-1-bird-F.PW009010517.seq,bird_strike/20200825&0826萧山机场4个&北京大兴机场44个样品结果/测序结果/COI-1/双峰/MF8394_COI-1_C2777.COI-1-bird-F.PW009010517.seq
2540,20200825,CZ,COI-1,CZ6174_COI-1_C2777.COI-1-bird-F.PW009010526.seq,bird_strike/20200825&0826萧山机场4个&北京大兴机场44个样品结果/测序结果/COI-1/双峰/CZ6174_COI-1_C2777.COI-1-bird-F.PW009010526.seq
2541,20200825,KN,cytb,KN2968_L14995-H16065_C2777.L14995.PW009022094.seq,bird_strike/20200825&0826萧山机场4个&北京大兴机场44个样品结果/测序结果/Cytb/良好/KN2968_L14995-H16065_C2777.L14995.PW009022094.seq
2543,20200825,KN,cytb,KN5908_L14995-H16065_C2777.L14995.PW009010936.seq,bird_strike/20200825&0826萧山机场4个&北京大兴机场44个样品结果/测序结果/Cytb/良好/KN5908_L14995-H16065_C2777.L14995.PW009010936.seq
2544,20200825,CZ,cytb,CZ6125_L14995-H16065_C2777.L14995.PW009010947.seq,bird_strike/20200825&0826萧山机场4个&北京大兴机场44个样品结果/测序结果/Cytb/良好/CZ6125_L14995-H16065_C2777.L14995.PW009010947.seq
2545,20200825,JD,cytb,JD5316_L14995-H16065_C2777.L14995.PW009022101.seq,bird_strike/20200825&0826萧山机场4个&北京大兴机场44个样品结果/测序结果/Cytb/良好/JD5316_L14995-H16065_C2777.L14995.PW009022101.seq
2546,20200825,KN,cytb,KN5812_L14995-H16065_C2777.L14995.PW009022091.seq,bird_strike/20200825&0826萧山机场4个&北京大兴机场44个样品结果/测序结果/Cytb/良好/KN5812_L14995-H16065_C2777.L14995.PW009022091.seq
2547,20200825,CZ,cytb,CZ6213_L14995-H16065_C2777.L14995.PW009010944.seq,bird_strike/20200825&0826萧山机场4个&北京大兴机场44个样品结果/测序结果/Cytb/良好/CZ6213_L14995-H16065_C2777.L14995.PW009010944.seq
2548,20200825,KN,cytb,KN2912_L14995-H16065_C2777.L14995.PW009010948.seq,bird_strike/20200825&0826萧山机场4个&北京大兴机场44个样品结果/测序结果/Cytb/良好/KN2912_L14995-H16065_C2777.L14995.PW009010948.seq
2550,20200825,MF,cytb,MF8394_L14995-H16065_C2777.L14995.PW009010942.seq,bird_strike/20200825&0826萧山机场4个&北京大兴机场44个样品结果/测序结果/Cytb/良好/MF8394_L14995-H16065_C2777.L14995.PW009010942.seq
2551,20200825,MU,cytb,MU5190_L14995-H16065_C2777.L14995.PW009022110.seq,bird_strike/20200825&0826萧山机场4个&北京大兴机场44个样品结果/测序结果/Cytb/良好/MU5190_L14995-H16065_C2777.L14995.PW009022110.seq
2553,20200825,CZ,cytb,CZ6106_L14995-H16065_C2777.L14995.PW009022111.seq,bird_strike/20200825&0826萧山机场4个&北京大兴机场44个样品结果/测序结果/Cytb/良好/CZ6106_L14995-H16065_C2777.L14995.PW009022111.seq
2554,20200825,KN,cytb,KN5770_L14995-H16065_C2777.L14995.PW009010959.seq,bird_strike/20200825&0826萧山机场4个&北京大兴机场44个样品结果/测序结果/Cytb/良好/KN5770_L14995-H16065_C2777.L14995.PW009010959.seq
2555,20200825,KN,cytb,KN5732-2020-6-10_L14995-H16065_C2777.L14995.PW009022113.seq,bird_strike/20200825&0826萧山机场4个&北京大兴机场44个样品结果/测序结果/Cytb/良好/KN5732-2020-6-10_L14995-H16065_C2777.L14995.PW009022113.seq
2556,20200825,KN,cytb,KN5812-2020-8-18_L14995-H16065_C2777.L14995.PW009010976.seq,bird_strike/20200825&0826萧山机场4个&北京大兴机场44个样品结果/测序结果/Cytb/良好/KN5812-2020-8-18_L14995-H16065_C2777.L14995.PW009010976.seq
2557,20200825,KN,cytb,KN5659_L14995-H16065_C2777.L14995.PW009022097.seq,bird_strike/20200825&0826萧山机场4个&北京大兴机场44个样品结果/测序结果/Cytb/良好/KN5659_L14995-H16065_C2777.L14995.PW009022097.seq
2558,20200825,NS,cytb,NS8024_L14995-H16065_C2777.L14995.PW009010949.seq,bird_strike/20200825&0826萧山机场4个&北京大兴机场44个样品结果/测序结果/Cytb/良好/NS8024_L14995-H16065_C2777.L14995.PW009010949.seq
2559,20200825,B,cytb,B3621_L14995-H16065_C2777.L14995.PW009022104.seq,bird_strike/20200825&0826萧山机场4个&北京大兴机场44个样品结果/测序结果/Cytb/良好/B3621_L14995-H16065_C2777.L14995.PW009022104.seq
2560,20200825,OQ,cytb,OQ2001_L14995-H16065_C2777.L14995.PW009010946.seq,bird_strike/20200825&0826萧山机场4个&北京大兴机场44个样品结果/测序结果/Cytb/良好/OQ2001_L14995-H16065_C2777.L14995.PW009010946.seq
2561,20200825,KN,cytb,KN2912-2020-8-18_L14995-H16065_C2777.L14995.PW009010978.seq,bird_strike/20200825&0826萧山机场4个&北京大兴机场44个样品结果/测序结果/Cytb/良好/KN2912-2020-8-18_L14995-H16065_C2777.L14995.PW009010978.seq
2562,20200825,B,cytb,B-305D_L14995-H16065_C2777.L14995.PW009022086.seq,bird_strike/20200825&0826萧山机场4个&北京大兴机场44个样品结果/测序结果/Cytb/良好/B-305D_L14995-H16065_C2777.L14995.PW009022086.seq
2563,20200825,CZ,cytb,CZ6174_L14995-H16065_C2777.L14995.PW009010964.seq,bird_strike/20200825&0826萧山机场4个&北京大兴机场44个样品结果/测序结果/Cytb/良好/CZ6174_L14995-H16065_C2777.L14995.PW009010964.seq
2564,20200825,CZ,cytb,CZ6599_L14995-H16065_C2777.L14995.PW009010939.seq,bird_strike/20200825&0826萧山机场4个&北京大兴机场44个样品结果/测序结果/Cytb/良好/CZ6599_L14995-H16065_C2777.L14995.PW009010939.seq
2565,20200825,KN,cytb,KN5210_L14995-H16065_C2777.L14995.PW009010969.seq,bird_strike/20200825&0826萧山机场4个&北京大兴机场44个样品结果/测序结果/Cytb/良好/KN5210_L14995-H16065_C2777.L14995.PW009010969.seq
2566,20200825,NS,cytb,NS8032_L14995-H16065_C2777.L14995.PW009022105.seq,bird_strike/20200825&0826萧山机场4个&北京大兴机场44个样品结果/测序结果/Cytb/良好/NS8032_L14995-H16065_C2777.L14995.PW009022105.seq
2567,20200825,NS,cytb,NS8010_L14995-H16065_C2777.L14995.PW009022096.seq,bird_strike/20200825&0826萧山机场4个&北京大兴机场44个样品结果/测序结果/Cytb/良好/NS8010_L14995-H16065_C2777.L14995.PW009022096.seq
2568,20200825,2368,cytb,2368_L14995-H16065_C2777.L14995.PW009010963.seq,bird_strike/20200825&0826萧山机场4个&北京大兴机场44个样品结果/测序结果/Cytb/良好/2368_L14995-H16065_C2777.L14995.PW009010963.seq
2569,20200825,B,cytb,B8651_L14995-H16065_C2777.L14995.PW009010970.seq,bird_strike/20200825&0826萧山机场4个&北京大兴机场44个样品结果/测序结果/Cytb/良好/B8651_L14995-H16065_C2777.L14995.PW009010970.seq
2570,20200825,NS,cytb,NS8024-0205_L14995-H16065_C2777.L14995.PW009022099.seq,bird_strike/20200825&0826萧山机场4个&北京大兴机场44个样品结果/测序结果/Cytb/良好/NS8024-0205_L14995-H16065_C2777.L14995.PW009022099.seq
2571,20200825,KN,cytb,KN5622-2020-8-16_L14995-H16065_C2777.L14995.PW009022090.seq,bird_strike/20200825&0826萧山机场4个&北京大兴机场44个样品结果/测序结果/Cytb/良好/KN5622-2020-8-16_L14995-H16065_C2777.L14995.PW009022090.seq
2572,20200825,NS,cytb,NS8008_L14995-H16065_C2777.L14995.PW009010975.seq,bird_strike/20200825&0826萧山机场4个&北京大兴机场44个样品结果/测序结果/Cytb/良好/NS8008_L14995-H16065_C2777.L14995.PW009010975.seq
2573,20200825,CE,cytb,CE8816_L14995-H16065_C2777.L14995.PW009022079.seq,bird_strike/20200825&0826萧山机场4个&北京大兴机场44个样品结果/测序结果/Cytb/双峰/CE8816_L14995-H16065_C2777.L14995.PW009022079.seq
2574,20200825,CZ,cytb,CZ8886_L14995-H16065_C2777.L14995.PW009022085.seq,bird_strike/20200825&0826萧山机场4个&北京大兴机场44个样品结果/测序结果/Cytb/双峰/CZ8886_L14995-H16065_C2777.L14995.PW009022085.seq
2575,20200825,CZ,cytb,CZ6113_L14995-H16065_C2777.L14995.PW009022107.seq,bird_strike/20200825&0826萧山机场4个&北京大兴机场44个样品结果/测序结果/Cytb/双峰/CZ6113_L14995-H16065_C2777.L14995.PW009022107.seq
2576,20200825,KN,cytb,KN5812-2020-7-4_L14995-H16065_C2777.L14995.PW009022100.seq,bird_strike/20200825&0826萧山机场4个&北京大兴机场44个样品结果/测序结果/Cytb/双峰/KN5812-2020-7-4_L14995-H16065_C2777.L14995.PW009022100.seq
2577,20200825,KN,cytb,KN5526_L14995-H16065_C2777.L14995.PW009022095.seq,bird_strike/20200825&0826萧山机场4个&北京大兴机场44个样品结果/测序结果/Cytb/双峰/KN5526_L14995-H16065_C2777.L14995.PW009022095.seq
2578,20200825,KN,cytb,KN5732_L14995-H16065_C2777.L14995.PW009022087.seq,bird_strike/20200825&0826萧山机场4个&北京大兴机场44个样品结果/测序结果/Cytb/双峰/KN5732_L14995-H16065_C2777.L14995.PW009022087.seq
2579,20200825,KN,cytb,KN5622_L14995-H16065_C2777.L14995.PW009022081.seq,bird_strike/20200825&0826萧山机场4个&北京大兴机场44个样品结果/测序结果/Cytb/双峰/KN5622_L14995-H16065_C2777.L14995.PW009022081.seq
2580,20200825,CZ,cytb,CZ8888_L14995-H16065_C2777.L14995.PW009022102.seq,bird_strike/20200825&0826萧山机场4个&北京大兴机场44个样品结果/测序结果/Cytb/双峰/CZ8888_L14995-H16065_C2777.L14995.PW009022102.seq
2581,20200825,KN,cytb,KN2928_L14995-H16065_C2777.L14995.PW009022109.seq,bird_strike/20200825&0826萧山机场4个&北京大兴机场44个样品结果/测序结果/Cytb/双峰/KN2928_L14995-H16065_C2777.L14995.PW009022109.seq
2582,20200825,MF,cytb,MF8169_L14995-H16065_C2777.L14995.PW009022080.seq,bird_strike/20200825&0826萧山机场4个&北京大兴机场44个样品结果/测序结果/Cytb/双峰/MF8169_L14995-H16065_C2777.L14995.PW009022080.seq
2583,20200825,CZ,cytb,CZ6715_L14995-H16065_C2777.L14995.PW009022092.seq,bird_strike/20200825&0826萧山机场4个&北京大兴机场44个样品结果/测序结果/Cytb/双峰/CZ6715_L14995-H16065_C2777.L14995.PW009022092.seq
